link,title,price,category,transaction_type,surface_area,num_bathrooms,num_bedrooms,gouvernement
https://www.tayara.tn/item/674a218d3c20a99fb55bf6d8/Terrains%20et%20Fermes/Monastir/Sayada_Lamta_Bou_Hajar/Terrain_Vendre_Bouhjar_Monastir_/,Terrain Ã  Vendre Ã  Bouhjar - Monastir,274000,N/A,N/A,N/A,N/A,N/A,Monastir
https://www.tayara.tn/item/671781d71cde9a414fada890/Autres%20Immobiliers/Monastir/Sahline/Dpt_louer_/,DÃ©pÃ´t Ã  louer ğŸ”¥,N/A,N/A,N/A,N/A,N/A,N/A,Monastir
https://www.tayara.tn/item/6756bb408729cead59e87d34/Locations%20de%20vacances/Monastir/Monastir/A_Louer_pour_les_vacances_/,A Louer pour les vacances,N/A,N/A,Ã€ Louer,60,1,1,Monastir
https://www.tayara.tn/item/6737165a0d8480a1e00edf38/Locations%20de%20vacances/Monastir/Monastir/A_Louer_pour_les_vacances_/,A Louer pour les vacances,N/A,N/A,Ã€ Louer,N/A,1,1,Monastir
https://www.tayara.tn/item/674a218d3c20a99fb55bf6d8/Terrains%20et%20Fermes/Monastir/Sayada_Lamta_Bou_Hajar/Terrain_Vendre_Bouhjar_Monastir_/,Terrain Ã  Vendre Ã  Bouhjar - Monastir,274000,Terrains et Fermes,N/A,N/A,N/A,N/A,Monastir
https://www.tayara.tn/item/675da559f39faeaa98b96967/Terrains%20et%20Fermes/Monastir/Jemmal/Terrain_centre_ville_Jammel/,Terrain centre ville Jammel,1500,Terrains et Fermes,N/A,N/A,N/A,N/A,Monastir
https://www.tayara.tn/item/673caaf10d8480a1e0124d67/Magasins%2C%20Commerces%20et%20Locaux%20industriels/Monastir/Monastir/Espace_commercial_au_cur_de_la_ville/,Espace commercial au cÅ“ur de la ville,N/A,"Magasins, Commerces et Locaux industriels",Ã€ Vendre,N/A,N/A,N/A,Monastir
https://www.tayara.tn/item/674dd4970d8480a1e01bacfd/Terrains%20et%20Fermes/Monastir/Monastir/Une_Opportunit_Immobilire_Trs_Rentable_/,Une OpportunitÃ© ImmobiliÃ¨re TrÃ¨s Rentable,N/A,Terrains et Fermes,N/A,,N/A,N/A,Monastir
https://www.tayara.tn/item/674dd5223c20a99fb55d59a3/Bureaux%20et%20Plateaux/Monastir/Monastir/ESPACE_DE_TRAVAIL/,ESPACE DE TRAVAIL,N/A,Bureaux et Plateaux,Ã€ Louer,300,4,7,Monastir
https://www.tayara.tn/item/673c9ff40d8480a1e01243e5/Appartements/Monastir/Monastir/ISIM_MONASTIR/,ISIM MONASTIR,350,Appartements,rent,75.0,N/A,2.0,Monastir
https://www.tayara.tn/item/675d701df39faeaa98b94725/Terrains%20et%20Fermes/Monastir/Bekalta/_Vendre_Terrain_en_Bord_de_Mer_Dimess/,Ã€ Vendre : Terrain en Bord de Mer Ã  Dimess,128450,Terrains et Fermes,N/A,N/A,N/A,N/A,Monastir
https://www.tayara.tn/item/675d69e9b7de28167ebe5375/Appartements/Monastir/Monastir/Appartement_meubl_Monastir_Skanes/,Appartement meublÃ© Monastir Skanes,N/A,Appartements,Ã€ Louer,85,1,2,Monastir
https://www.tayara.tn/item/673b81bc3c20a99fb5534ec3/Terrains%20et%20Fermes/Monastir/Monastir/Un_terrain_pour_construction_dune_villa_au_Golf_Palm_Links/,Un terrain pour construction d'une villa au Golf Palm Links,760000,Terrains et Fermes,N/A,N/A,N/A,N/A,Monastir
https://www.tayara.tn/item/675aeac9b5e4ab395e78f2bb/Bureaux%20et%20Plateaux/Monastir/Monastir/A_Skanes_Un_rez_de_chausse_sur_route_principale_/,A Skanes -Un rez de chaussÃ©e sur route principale,500,Bureaux et Plateaux,Ã€ Louer,70,1,0,Monastir
https://www.tayara.tn/item/673b17710d8480a1e011378d/Appartements/Monastir/Monastir/Un_S_plus_Trois_meubl_Haut_Standing/,Un S plus Trois meublÃ© Haut Standing,1700,Appartements,Ã€ Louer,180,1,3,Monastir
https://www.tayara.tn/item/674618863c20a99fb559c459/Appartements/Monastir/Monastir/Un_grans_tage_de_villa_standing_El_Agba/,Un grans Ã©tage de villa standing Ã  El Agba,1150,Appartements,Ã€ Louer,150,1,3,Monastir
https://www.tayara.tn/item/6728dded981bc29b64448405/Terrains%20et%20Fermes/Monastir/Autres_Villes/Terrain_pour_construction_dune_villa/,Terrain pour construction d'une villa,300000,Terrains et Fermes,N/A,N/A,N/A,N/A,Monastir
https://www.tayara.tn/item/670e3bf61cde9a414fa6e76c/Maisons%20et%20Villas/Monastir/Monastir/Grande_Villa_meuble_en_centre_ville_de_Monastir/,Grande Villa meublÃ©e en centre ville de Monastir,1400,Maisons et Villas,Ã€ Louer,400,2,4,Monastir
https://www.tayara.tn/item/66adee3537137099bb7df22f/Appartements/Monastir/Monastir/S_plus_Un_standing_pour_bureau/,S plus Un standing pour bureau,450,Appartements,Ã€ Louer,60,1,1,Monastir
https://www.tayara.tn/item/666ae73b43ea5beb584822ba/Appartements/Monastir/Sahline/A_vendre_s_plus_deux_/,A vendre s plus deux,150000,Appartements,Ã€ Vendre,75,1,2,Monastir
https://www.tayara.tn/item/6706767fa6b9efcc9cf9ad45/Maisons%20et%20Villas/Monastir/Monastir/Villa_meuble_skanes/,Villa meublÃ©e Ã  skanes,900,Maisons et Villas,Ã€ Louer,250,1,3,Monastir
https://www.tayara.tn/item/66f44d7667b755ba9231796b/Appartements/Monastir/Monastir/Location_S_plus_1_haut_standing_courte_et_moyenne_priode/,Location S plus 1 haut standing courte et moyenne pÃ©riode,888888914608128,Appartements,Ã€ Louer,60,1,1,Monastir
https://www.tayara.tn/item/66f44affb3c14db342d8ddfc/Appartements/Monastir/Monastir/Location_S_plus_2_haut_standing_courte_et_moyenne_priode/,Location S plus 2 haut standing courte et moyenne pÃ©riode,8888889344,Appartements,Ã€ Louer,100,1,2,Monastir
https://www.tayara.tn/item/6686a0a99b82ea14d25f6989/Appartements/Monastir/Monastir/Appartement_Vendre_lR6/,Appartement Ã  Vendre Ã  l'R6,170000,Appartements,Ã€ Vendre,102,1,2,Monastir
https://www.tayara.tn/item/672358d77453b1828b306a64/Appartements/Monastir/Monastir/S_plus_un_frina/,S plus un Ã  frina,125000,Appartements,Ã€ Vendre,64,1,1,Monastir
https://www.tayara.tn/item/672f26863c20a99fb54afb55/Maisons%20et%20Villas/Monastir/Monastir/Une_semaine_dans_une_belle_villa_meuble/,Une semaine dans une belle villa meublÃ©e,1400,Maisons et Villas,Ã€ Louer,350,3,4,Monastir
https://www.tayara.tn/item/6734f0353c20a99fb54f4d63/Terrains%20et%20Fermes/Monastir/Monastir/Terrain_pour_villa_la_zone_touristique_de_Monastir/,Terrain pour villa Ã  la zone touristique de Monastir,675000,Terrains et Fermes,N/A,N/A,N/A,N/A,Monastir
https://www.tayara.tn/item/673c6dce0d8480a1e01214ae/Appartements/Monastir/Monastir/Un_Appart_meubl_la_zone_touristique/,Un Appart meublÃ© Ã  la zone touristique,1300,Appartements,Ã€ Louer,120,1,2,Monastir
https://www.tayara.tn/item/674dc4b5041535433b429501/Terrains%20et%20Fermes/Monastir/Monastir/Terrain_pour_construction_dune_villa/,Terrain pour construction d'une villa,325000,Terrains et Fermes,N/A,N/A,N/A,N/A,Monastir
https://www.tayara.tn/item/675d61ebf39faeaa98b93cb4/Maisons%20et%20Villas/Monastir/Sahline/_maison_r2/,ğŸ  maison r+2,620,Maisons et Villas,Ã€ Vendre,173,2,3,Monastir
https://www.tayara.tn/item/670ff3c91cde9a414fa86095/Maisons%20et%20Villas/Monastir/Tboulba/Maison_indpendante_pour_la_vente_/,Maison indÃ©pendante pour la vente,230000,Maisons et Villas,Ã€ Vendre,130,01,02,Monastir
https://www.tayara.tn/item/66c9a49de2f0c13af825b3bc/Maisons%20et%20Villas/Monastir/Bekalta/Villa_proche_de_la_mer_vendre/,Villa proche de la mer Ã  vendre,315000,Maisons et Villas,Ã€ Vendre,208,3,5,Monastir
https://www.tayara.tn/item/66e1b2ba67b755ba9223555c/Magasins%2C%20Commerces%20et%20Locaux%20industriels/Monastir/Tboulba/Local_commercial_sur_la_route_principal/,Local commercial sur la route principal,4000,"Magasins, Commerces et Locaux industriels",Ã€ Louer,1970,1,6,Monastir
https://www.tayara.tn/item/673866a90d8480a1e00fae87/Autres%20Immobiliers/Monastir/Bekalta/Immeuble_semiinachev_Chraf_2_pas_de_la_mer/,"Immeuble semi-inachevÃ© Ã  Chraf, Ã  2 pas de la mer",400000,Autres Immobiliers,N/A,N/A,N/A,N/A,Monastir
https://www.tayara.tn/item/66c71988e2f0c13af821f061/Appartements/Monastir/Monastir/A_Louer_pour_les_vacances_/,A Louer pour les vacances :,N/A,Appartements,Ã€ Louer,68,1,2,Monastir
https://www.tayara.tn/item/675812f8b5e4ab395e7731aa/Maisons%20et%20Villas/Monastir/Monastir/Villa_louer_Skanes_/,Villa Ã  louer Ã  Skanes,N/A,Maisons et Villas,Ã€ Louer,600,N/A,N/A,Monastir
https://www.tayara.tn/item/675804dd8729cead59ea00a0/Appartements/Monastir/Monastir/Appartement_louer_pour_longue_dure_/,Appartement Ã  louer pour longue durÃ©e :ğŸ”¥ğŸ”,N/A,Appartements,Ã€ Louer,,1,3,Monastir
https://www.tayara.tn/item/6759a83fb5e4ab395e783b15/Appartements/Monastir/Monastir/studio_haut_standing_/,studio haut standing,900,Appartements,Ã€ Louer,70,1,1,Monastir
https://www.tayara.tn/item/675983838729cead59eaf7c4/Locations%20de%20vacances/Monastir/Monastir/A_Louer_pour_la_saison_universitaire_/,A Louer pour la saison universitaire :,N/A,Locations de vacances,Ã€ Louer,85,1,2,Monastir
https://www.tayara.tn/item/675973deb5e4ab395e780e8e/Locations%20de%20vacances/Monastir/Monastir/location_pour_sjour_/,location pour sÃ©jour,90,Locations de vacances,Ã€ Louer,80,1,2,Monastir
https://www.tayara.tn/item/675972deb5e4ab395e780dbe/Appartements/Monastir/Monastir/studio_par_nuite_/,studio par nuitÃ©e,100,Appartements,Ã€ Louer,80,1,2,Monastir
https://www.tayara.tn/item/675971448729cead59eae948/Locations%20de%20vacances/Monastir/Monastir/location_pour_sjour_/,location pour sÃ©jour,100,Locations de vacances,Ã€ Louer,80,1,2,Monastir
https://www.tayara.tn/item/671111e11cde9a414fa92f09/Maisons%20et%20Villas/Monastir/Tboulba/Maison_jumele_en_vente_Teboulba/,Maison jumelÃ©e en vente Ã  Teboulba,200000,Maisons et Villas,Ã€ Vendre,304,2,4,Monastir
https://www.tayara.tn/item/673630503c20a99fb5501b9a/Terrains%20et%20Fermes/Monastir/Sayada_Lamta_Bou_Hajar/Terrain_habitation_vendre_BOUHJAR/,Terrain habitation Ã  vendre Ã  BOUHJAR,274000,Terrains et Fermes,N/A,N/A,N/A,N/A,Monastir
https://www.tayara.tn/item/67595f6cb5e4ab395e77fc96/Appartements/Monastir/Monastir/vue_sur_mer_presque_pied_dans_leau_a_skanes_palmier_Monastir_en_face_hotel_palmier_tel_52401554/,vue sur mer presque pied dans l'eau a skanes palmier Monastir en face hotel palmier tel 52401554,N/A,Appartements,Ã€ Louer,120,2,2,Monastir
https://www.tayara.tn/item/671781d71cde9a414fada890/Autres%20Immobiliers/Monastir/Sahline/Dpt_louer_/,DÃ©pÃ´t Ã  louer ğŸ”¥,N/A,Autres Immobiliers,N/A,N/A,N/A,N/A,Monastir
https://www.tayara.tn/item/6756bb408729cead59e87d34/Locations%20de%20vacances/Monastir/Monastir/A_Louer_pour_les_vacances_/,A Louer pour les vacances,N/A,Locations de vacances,Ã€ Louer,60,1,1,Monastir
https://www.tayara.tn/item/67595dfdb5e4ab395e77fb8c/Appartements/Monastir/Monastir/S2_vue_de_piscine_pour_location_/,S+2 vue de piscine pour location ğŸ’™,N/A,Appartements,N/A,N/A,1,2,Monastir
https://www.tayara.tn/item/67595ae48729cead59ead5f3/Appartements/Monastir/Monastir/_louer_appartement_haut_standing_S1/,Ã  louer appartement haut standing ğŸ¬ğŸ’™ğŸŒŸ S+1,N/A,Appartements,N/A,N/A,1,1,Monastir
https://www.tayara.tn/item/67595545b5e4ab395e77f494/Appartements/Monastir/Monastir/_louer_saison_universitaire_s1_vue_de_piscine_/,Ã  louer (saison universitaire) s+1 vue de piscine,N/A,Appartements,N/A,N/A,1,1,Monastir
https://www.tayara.tn/item/6671aa1143ea5beb584e7c43/Appartements/Monastir/Monastir/Joli_appartement_louer_/,Joli appartement Ã  louer ğŸ§¿ğŸª¬ğŸ¬ğŸ’™,N/A,Appartements,Ã€ Louer,48,1,1,Monastir
https://www.tayara.tn/item/66cb2204e2f0c13af827d4be/Appartements/Monastir/Monastir/A_Louer_pour_les_vacances_/,A Louer pour les vacances :,N/A,Appartements,Ã€ Louer,118,1,2,Monastir
https://www.tayara.tn/item/66daf4dd67b755ba921a75e8/Maisons%20et%20Villas/Monastir/Bekalta/_/,ğ’‚Ì€ ğ’—ğ’†ğ’ğ’…ğ’“ğ’† ğ’–ğ’ ğ‘¹ğ‘«ğ‘ª ğ’‘ğ’“ğ’ğ’„ğ’‰ğ’† ğ’…ğ’† ğ’ğ’‚ ğ’‘ğ’ğ’‚ğ’ˆğ’† ğ’ƒğ’‚ğ’ˆğ’‰ğ’…ğ’†ğ’…ğ’Š,N/A,Maisons et Villas,Ã€ Vendre,180,2,2,Monastir
https://www.tayara.tn/item/663a3791ef74c89d58600e10/Appartements/Monastir/Monastir/_1_/,ğ˜¿ğ™šğ™¨ ğ™–ğ™¥ğ™¥ğ™–ğ™§ğ™©ğ™šğ™¢ğ™šğ™£ğ™©ğ™¨ ğ™¨+1 ğ™ğ™–ğ™ªğ™© ğ™¨ğ™©ğ™–ğ™£ğ™™ğ™ğ™£ğ™œ ğ™™ğ™ğ™§ğ™šğ™˜ğ™©ğ™šğ™¢ğ™šğ™£ğ™© ğ™–ğ™ª ğ™¥ğ™§ğ™¤ğ™¢ğ™¤ğ™©ğ™šğ™ªğ™§ ğ™—ğ™–ğ™œğ™ğ™™ğ™šğ™™ğ™,175000,Appartements,Ã€ Vendre,64,1,1,Monastir
https://www.tayara.tn/item/67583728b5e4ab395e77526c/Maisons%20et%20Villas/Monastir/Monastir/_louer_S3_Monastir_/,Ã  louer S+3 Ã  Monastir,380,Maisons et Villas,Ã€ Louer,N/A,1,4,Monastir
https://www.tayara.tn/item/67582ba18729cead59ea25a3/Appartements/Monastir/Monastir/S2_meubl_haut_standing_Monastir_/,S+2 meublÃ© haut standing Ã  Monastir,950,Appartements,Ã€ Louer,109,1,2,Monastir
https://www.tayara.tn/item/67576e6f8729cead59e9c423/Terrains%20et%20Fermes/Monastir/Monastir/2_Lot_Terrain_vendre_sidi_nasr_Monastir/,2 Lot Terrain Ã  vendre sidi nasr Monastir,N/A,Terrains et Fermes,N/A,N/A,N/A,N/A,Monastir
https://www.tayara.tn/item/6734d3fa3c20a99fb54f3601/Maisons%20et%20Villas/Monastir/Tboulba/Maison_indpendante_vendre_Tboulba_/,Maison indÃ©pendante Ã  vendre Ã  TÃ©boulba,125000,Maisons et Villas,Ã€ Vendre,203,01,02,Monastir
https://www.tayara.tn/item/6756dee88729cead59e8c31d/Locations%20de%20vacances/Monastir/Monastir/Appartement_pour_location_vacances/,Appartement pour location vacances,N/A,Locations de vacances,Ã€ Louer,N/A,1,1,Monastir
https://www.tayara.tn/item/6756dce18729cead59e8bf71/Maisons%20et%20Villas/Monastir/Tboulba/villa/,villa,N/A,Maisons et Villas,Ã€ Vendre,300,1,3,Monastir
https://www.tayara.tn/item/6756ce068729cead59e8a2f4/Maisons%20et%20Villas/Monastir/Monastir/studio_louer_/,studio Ã  louer,450,Maisons et Villas,Ã€ Louer,80,1,1,Monastir
https://www.tayara.tn/item/6756b8e88729cead59e8788a/Appartements/Monastir/Monastir/S2_haut_standing_vue_sur_mer/,S+2 haut standing vue sur mer,53672072,Appartements,Ã€ Louer,150,1,2,Monastir
https://www.tayara.tn/item/66561b31a84e41233393cfdd/Appartements/Monastir/Monastir/appartement_a_louer_par_jour_a_partir_25_juin_min_4_nuites_52568564/,appartement a louer par jour a partir 25 juin min 4 nuitÃ©es 52568564,75,Appartements,Ã€ Louer,70,1,2,Monastir
https://www.tayara.tn/item/6755be228729cead59e77763/Appartements/Monastir/Monastir/A_vendre_/,A vendre,N/A,Appartements,Ã€ Vendre,47,1,1,Monastir
https://www.tayara.tn/item/66ceea43e2f0c13af82d98f3/Appartements/Monastir/Monastir/Studio_Vue_Sur_Mer/,Studio Vue Sur Mer,200000,Appartements,Ã€ Vendre,50,1,1,Monastir
https://www.tayara.tn/item/6755b2158729cead59e7638b/Maisons%20et%20Villas/Monastir/Monastir/Luxueuse_villa_intelligente_Smart_Villa_de_haut_standing_avec_emplacement_magnifique_situe_dans_un_quartier_calme_a_200_mtre_de_la_plage_la_falaise_Monastir/,Luxueuse villa intelligente (Smart Villa) de haut standing avec emplacement magnifique situÃ©e dans un quartier calme a 200 mÃ¨tre de la plage la falaise Monastir,1150000,Maisons et Villas,Ã€ Vendre,,240,,Monastir
https://www.tayara.tn/item/66ae678837137099bb7edd05/Maisons%20et%20Villas/Monastir/Monastir/Rsidence_R2_vendre/,RÃ©sidence R+2 Ã  vendre,217000,Maisons et Villas,Ã€ Vendre,320,3,6,Monastir
https://www.tayara.tn/item/6734dd140d8480a1e00d8c17/Maisons%20et%20Villas/Monastir/Jemmal/villa_inacheve_en_vente_/,villa inachevÃ©e en vente,1580000,Maisons et Villas,N/A,1600,2,6,Monastir
https://www.tayara.tn/item/6754296d041535433b452fea/Terrains%20et%20Fermes/Monastir/Monastir/Terrain_Agricole_/,Terrain Agricole,68000,Terrains et Fermes,N/A,N/A,N/A,N/A,Monastir
https://www.tayara.tn/item/675582e38729cead59e71b32/Appartements/Monastir/Monastir/a_louer_/,a louer,N/A,Appartements,Ã€ Louer,70,1,2,Monastir
https://www.tayara.tn/item/6737165a0d8480a1e00edf38/Locations%20de%20vacances/Monastir/Monastir/A_Louer_pour_les_vacances_/,A Louer pour les vacances,N/A,Locations de vacances,Ã€ Louer,N/A,1,1,Monastir
https://www.tayara.tn/item/67011ef809cd6cca02454220/Appartements/Monastir/Monastir/Appartement_S1_vendre_/,Appartement S+1 Ã  vendre,152000,Appartements,Ã€ Vendre,48,1,1,Monastir
https://www.tayara.tn/item/673868583c20a99fb5516016/Terrains%20et%20Fermes/Monastir/Sahline/Forssa_Bonne_affaire_Tunisie/,Forssa -Bonne affaire Tunisie,600,Terrains et Fermes,N/A,N/A,N/A,N/A,Monastir
https://www.tayara.tn/item/66b1f47a37137099bb83d5ac/Appartements/Monastir/Monastir/Appartement_S2_vendre_/,Appartement S+2 Ã  vendre,88500,Appartements,Ã€ Vendre,90,1,2,Monastir
https://www.tayara.tn/item/66e954a667b755ba9228ba1b/Maisons%20et%20Villas/Monastir/Ksibet_El_Mdiouni/Maison_jumel_vendre_/,Maison jumelÃ© Ã  vendre,218000,Maisons et Villas,Ã€ Vendre,490,2,2,Monastir
https://www.tayara.tn/item/673b4f6e3c20a99fb553215e/Appartements/Monastir/Ksibet_El_Mdiouni/Etage_de_villa_s3_vendre/,Etage de villa s+3 Ã  vendre,218000,Appartements,Ã€ Vendre,179,3,3,Monastir
https://www.tayara.tn/item/673c7a0f0d8480a1e0122043/Maisons%20et%20Villas/Monastir/Ksibet_El_Mdiouni/Duplex_S3/,Duplex S+3,275000,Maisons et Villas,Ã€ Vendre,280,2,5,Monastir
https://www.tayara.tn/item/66ee9b1a67b755ba922cf522/Terrains%20et%20Fermes/Monastir/Monastir/Terrain_habitation_clotur_171_m/,Terrain habitation cloturÃ© 171 mÂ²,118000,Terrains et Fermes,N/A,N/A,N/A,N/A,Monastir
https://www.tayara.tn/item/66619ff7a84e412333a1ff3c/Appartements/Monastir/Monastir/Appartement_S2_vendre_/,Appartement S+2 Ã  vendre,120000,Appartements,Ã€ Vendre,83,1,2,Monastir
https://www.tayara.tn/item/672e1ef7981bc29b644832bd/Appartements/Monastir/Monastir/Appartement_S2_meubl_vendre_/,Appartement S+2 meublÃ© Ã  vendre,218000,Appartements,Ã€ Vendre,94,1,2,Monastir
https://www.tayara.tn/item/6741c0ba3c20a99fb5570ed7/Appartements/Monastir/Monastir/Appartement_S2_vendre_/,Appartement S+2 Ã  vendre,185000,Appartements,Ã€ Vendre,66,1,2,Monastir
https://www.tayara.tn/item/66f418da67b755ba92314079/Terrains%20et%20Fermes/Monastir/Monastir/Terrain_Agricole_de_1241_m/,Terrain Agricole de 1241 mÂ²,85000,Terrains et Fermes,N/A,N/A,N/A,N/A,Monastir
https://www.tayara.tn/item/675477093c20a99fb5600d8d/Appartements/Monastir/Monastir/studio/,studio,123,Appartements,Ã€ Louer,80,1,1,Monastir
https://www.tayara.tn/item/67543ed6041535433b453ba3/Appartements/Monastir/Monastir/S1_haut_standing_cit_Agba/,S+1 haut standing - citÃ© Agba,700,Appartements,Ã€ Louer,80,1,1,Monastir
https://www.tayara.tn/item/6754322f041535433b453538/Magasins%2C%20Commerces%20et%20Locaux%20industriels/Monastir/Bembla/Local_industriel_/,Local industriel,410000,"Magasins, Commerces et Locaux industriels",Ã€ Vendre,332,1,4,Monastir
https://www.tayara.tn/item/675407a3041535433b451f85/Bureaux%20et%20Plateaux/Monastir/Moknine/bureaux_a_louer_/,bureaux a louer,500,Bureaux et Plateaux,Ã€ Louer,80,1,2,Monastir
https://www.tayara.tn/item/67534c0b0d8480a1e01df74c/Terrains%20et%20Fermes/Monastir/Tboulba/_/,Ø£Ø±Ø¶ Ù„Ù„Ø¨ÙŠØ¹ ÙÙŠ Ø³ÙŠØ¯ÙŠ ÙØ¶Ù„ÙŠÙ† Ø·Ø¨Ù„Ø¨Ø©,100000,Terrains et Fermes,N/A,N/A,N/A,N/A,Monastir
https://www.tayara.tn/item/67530f050d8480a1e01dd3db/Maisons%20et%20Villas/Monastir/Sahline/Duplex_de_Luxe_Sahline/,Duplex de Luxe Ã  Sahline,520000,Maisons et Villas,Ã€ Vendre,265,2,6,Monastir
https://www.tayara.tn/item/675303980d8480a1e01dcd27/Appartements/Monastir/Monastir/A_louer_Appartement_S1_Haut_standing/,A louer Appartement S+1 Haut standing,1500,Appartements,Ã€ Louer,70,0,1,Monastir
https://www.tayara.tn/item/6752e140041535433b44b2e1/Appartements/Monastir/Monastir/un_appartement_s1_louer_monasir/,un appartement s+1 Ã  louer Ã  monasir,N/A,Appartements,Ã€ Louer,1,1,1,Monastir
https://www.tayara.tn/item/6751dbd90d8480a1e01d5ec8/Appartements/Monastir/Monastir/appartement_louer_s2_/,appartement Ã  louer s+2,970,Appartements,Ã€ Louer,90,2,3,Monastir
https://www.tayara.tn/item/6751d2ab041535433b445015/Terrains%20et%20Fermes/Monastir/Bekalta/_/,Ù‚Ø·Ø¹Ø© Ø§Ø±Ø¶ Ù„Ù„Ø¨ÙŠØ¹,145,Terrains et Fermes,N/A,N/A,N/A,N/A,Monastir
https://www.tayara.tn/item/6751ab6d3c20a99fb55eee8f/Appartements/Monastir/Monastir/Apartment_S3_Monastir/,Apartment S+3 Monastir,169000,Appartements,Ã€ Vendre,120,1.5,3,Monastir
https://www.tayara.tn/item/675198c93c20a99fb55ee2e7/Terrains%20et%20Fermes/Monastir/Sahline/Terrain_Vendre_Sahline/,Terrain Ã  Vendre Ã  Sahline,133560,Terrains et Fermes,N/A,N/A,N/A,N/A,Monastir
https://www.tayara.tn/item/6751951b3c20a99fb55ee0f7/Maisons%20et%20Villas/Monastir/Monastir/Somptueuse_Villa_de_Prestige_Vendre_Monastir/,Somptueuse Villa de Prestige Ã  Vendre Ã  Monastir,2600000,Maisons et Villas,Ã€ Vendre,,0,6,Monastir
https://www.tayara.tn/item/67518a840d8480a1e01d2ded/Appartements/Monastir/Monastir/_louer_S2_vue_piscine_zone_touristique_/,Ã  louer S+2 (vue piscine /zone touristique),N/A,Appartements,N/A,N/A,1,2,Monastir
https://www.tayara.tn/item/6750c71b0d8480a1e01cf5d9/Magasins%2C%20Commerces%20et%20Locaux%20industriels/Monastir/Sayada_Lamta_Bou_Hajar/local_commercial_louer_/,local commercial Ã  louer,5000,"Magasins, Commerces et Locaux industriels",Ã€ Louer,1220,4,1,Monastir
https://www.tayara.tn/item/675084e3041535433b43c293/Maisons%20et%20Villas/Monastir/Monastir/_louer_Monastir_une_maison_meuble/,Ã  louer Ã  Monastir une maison meublÃ©e,700,Maisons et Villas,Ã€ Louer,75,1,2,Monastir
https://www.tayara.tn/item/675073f4041535433b43b8a2/Autres%20Immobiliers/Monastir/Sayada_Lamta_Bou_Hajar/location_local/,location local,N/A,Autres Immobiliers,N/A,N/A,N/A,N/A,Monastir
https://www.tayara.tn/item/675068890d8480a1e01cbdba/Appartements/Monastir/Monastir/studio_louer_/,studio Ã  louer,N/A,Appartements,Ã€ Louer,50,1,1,Monastir
https://www.tayara.tn/item/67505bdc041535433b43a8fb/Appartements/Monastir/Monastir/Opportunit_dinvestissement_en_or_Monastir/,OpportunitÃ© d'investissement en or Ã  Monastir,3300000,Appartements,Ã€ Vendre,,20,30,Monastir
https://www.tayara.tn/item/674852c80d8480a1e0195ec9/Maisons%20et%20Villas/Monastir/Ksar_Hellal/A_vendre_villa_style_amricain_2_tage_sur_la_route_principal_devant_clinque_sahel_ksar_hlal/,A vendre villa style amÃ©ricain 2 Ã©tage sur la route principal devant clinque sahel ksar hlal,600000,Maisons et Villas,Ã€ Vendre,200,2,5,Monastir
https://www.tayara.tn/item/674fa6b0041535433b436b56/Appartements/Monastir/Monastir/a_louer_par_nuite_/,a louer par nuitÃ©e,70,Appartements,Ã€ Louer,120,1,2,Monastir
https://www.tayara.tn/item/674fa585041535433b436b2b/Appartements/Monastir/Monastir/a_louer_par_nuite_/,a louer par nuitÃ©e,70,Appartements,Ã€ Louer,90,1,2,Monastir
https://www.tayara.tn/item/674fa4c4041535433b436b11/Magasins%2C%20Commerces%20et%20Locaux%20industriels/Monastir/Monastir/local_tout_commerce_/,local tout commerce,2000,"Magasins, Commerces et Locaux industriels",Ã€ Louer,90,1,1,Monastir
https://www.tayara.tn/item/674fa433041535433b436b02/Appartements/Monastir/Monastir/a_louer_pour_longue_dure_/,a louer pour longue durÃ©e,790,Appartements,Ã€ Louer,75,1,2,Monastir
https://www.tayara.tn/item/674f11740d8480a1e01c2db5/Magasins%2C%20Commerces%20et%20Locaux%20industriels/Monastir/Tboulba/FOND_DE_COMMERCE_A_VENDRE_A_TEBOULBA/,FOND DE COMMERCE A VENDRE A TEBOULBA,75000,"Magasins, Commerces et Locaux industriels",Ã€ Vendre,120,N/A,N/A,Monastir
https://www.tayara.tn/item/674f0c99041535433b431dc5/Terrains%20et%20Fermes/Monastir/Monastir/_Votre_Oasis_Prive_Skanes/,Votre Oasis PrivÃ©e Ã  Skanes,N/A,Terrains et Fermes,N/A,N/A,N/A,N/A,Monastir
https://www.tayara.tn/item/674f09513c20a99fb55dd4f6/Maisons%20et%20Villas/Monastir/Ksar_Hellal/Maison_dhte_de_3_chambres_et_3_salles_de_bain/,Maison d'hÃ´te de 3 chambres et 3 salles de bain,N/A,Maisons et Villas,Ã€ Louer,N/A,3,2,Monastir
https://www.tayara.tn/item/66db79bf67b755ba921b7519/Terrains%20et%20Fermes/Monastir/Sayada_Lamta_Bou_Hajar/Terrain_a_vendre_BOUHJAR_Monastir_/,Terrain a vendre Ã  BOUHJAR - Monastir,540000,Terrains et Fermes,N/A,N/A,N/A,N/A,Monastir
https://www.tayara.tn/item/674e0b36041535433b42bfee/Appartements/Monastir/Monastir/studio/,studio,N/A,Appartements,Ã€ Louer,15,1,0,Monastir
https://www.tayara.tn/item/674dde1a041535433b42a5d4/Maisons%20et%20Villas/Monastir/Sahline/,Ù„Ù„Ø¨ÙŠØ¹,N/A,Maisons et Villas,N/A,750,N/A,N/A,Monastir
https://www.tayara.tn/item/674dd8343c20a99fb55d5b9f/Terrains%20et%20Fermes/Monastir/Monastir/terrain/,terrain,122,Terrains et Fermes,N/A,N/A,N/A,N/A,Monastir
https://www.tayara.tn/item/671fac47fadab5dc3de05f98/Maisons%20et%20Villas/Monastir/Monastir/Vue_Mer_poustouflante/,Vue Mer Ã‰poustouflante,2400,Maisons et Villas,Ã€ Louer,116,3,2,Monastir
https://www.tayara.tn/item/66cf609ee2f0c13af82ea7f6/Maisons%20et%20Villas/Monastir/Sayada_Lamta_Bou_Hajar/_/,ğ’‚Ì€ ğ’—ğ’†ğ’ğ’…ğ’“ğ’† ğ’—ğ’Šğ’ğ’ğ’‚ ğ’”ğ’–ğ’“ ğ’…ğ’†ğ’–ğ’™ ğ’†Ìğ’•ğ’‚ğ’ˆğ’†ğ’” ğ’‚Ì€ ğ’Œğ’”ğ’‚ğ’“ ğ’‰ğ’ğ’†ğ’,595000,Maisons et Villas,Ã€ Vendre,410,2,5,Monastir
https://www.tayara.tn/item/66daf37b67b755ba921a7323/Maisons%20et%20Villas/Monastir/Monastir/_/,ğ’‚Ì€ ğ’—ğ’†ğ’ğ’…ğ’“ğ’† ğ’—ğ’Šğ’ğ’ğ’‚ ğ’”ğ’–ğ’“ ğ’…ğ’†ğ’–ğ’™ ğ’†Ìğ’•ğ’‚ğ’ˆğ’†ğ’” ğ’‚Ì€ ğ’Œğ’”ğ’‚ğ’“ ğ’‰ğ’ğ’†ğ’,595000,Maisons et Villas,Ã€ Vendre,410,2,5,Monastir
https://www.tayara.tn/item/674dbff03c20a99fb55d4acb/Autres%20Immobiliers/Monastir/Moknine/avendre_scooteur_pista_vcx_110_cc/,avendre scooteur pista vcx 110 cc,3000,Autres Immobiliers,N/A,N/A,N/A,N/A,Monastir
https://www.tayara.tn/item/674db6b5041535433b428b05/Appartements/Monastir/Monastir/studio_s1_S0_par_nuite_/,studio s1 / S0 par nuitÃ©e,N/A,Appartements,Ã€ Louer,200,1,1,Monastir
https://www.tayara.tn/item/674d947c041535433b4273f0/Appartements/Monastir/Ksar_Hellal/_louer_Appartement_S2_en_tage_de_villa_situ_au_centreville_de_Ksar_Hellale_en_face_arrire_du_poste_de_police_/,"Ã€ louer : Appartement S+2 en Ã©tage de villa, situÃ© au centre-ville de Ksar Hellale, en face arriÃ¨re du poste de police.",500,Appartements,Ã€ Louer,90,1,2,Monastir
https://www.tayara.tn/item/6744559a0d8480a1e016cb67/Appartements/Monastir/Monastir/_Studio_de_Haut_Standing_avec_Vue_sur_Mer/,Studio de Haut Standing avec Vue sur Mer,200000,Appartements,Ã€ Vendre,47,1,1,Monastir
https://www.tayara.tn/item/674c85350d8480a1e01b179a/Maisons%20et%20Villas/Monastir/Monastir/Maison_a_2_etage/,Maison a 2 etage,N/A,Maisons et Villas,Ã€ Vendre,100,1,2,Monastir
https://www.tayara.tn/item/674c748c3c20a99fb55cb8da/Maisons%20et%20Villas/Monastir/Tboulba/meuble_de_cuisine/,meuble de cuisine,700,Maisons et Villas,Ã€ Vendre,N/A,N/A,N/A,Monastir
https://www.tayara.tn/item/66e95f4967b755ba9228c9b9/Terrains%20et%20Fermes/Monastir/Monastir/Terrain_agricole_/,Terrain agricole,120000,Terrains et Fermes,N/A,N/A,N/A,N/A,Monastir
https://www.tayara.tn/item/6734e31b3c20a99fb54f41c6/Maisons%20et%20Villas/Monastir/Ksibet_El_Mdiouni/Etage_de_villa_vendre_/,Etage de villa Ã  vendre,235000,Maisons et Villas,Ã€ Vendre,209,1,4,Monastir
https://www.tayara.tn/item/673b4e370d8480a1e0116efd/Appartements/Monastir/Monastir/Appartement_S3_vendre/,Appartement S+3 Ã  vendre,338000,Appartements,Ã€ Vendre,132,2,3,Monastir
https://www.tayara.tn/item/673dc2a20d8480a1e012eb99/Bureaux%20et%20Plateaux/Monastir/Monastir/_Bureau_Louer_100_m_Monastir_CentreVille/,Bureau Ã  Louer â€“ 100 mÂ² â€“ Monastir Centre-Ville,1200,Bureaux et Plateaux,N/A,100,2,2,Monastir
https://www.tayara.tn/item/671649461cde9a414facc70c/Maisons%20et%20Villas/Monastir/Bekalta/Maison_indpendante_proche_de_la_mer_en_vente/,Maison indÃ©pendante proche de la mer en vente,174999,Maisons et Villas,Ã€ Vendre,219,01,01,Monastir
https://www.tayara.tn/item/674c33890d8480a1e01aeeb9/Appartements/Monastir/Monastir/Bel_appartement_S1_/,Bel appartement S+1,900,Appartements,Ã€ Louer,65,1,1,Monastir
https://www.tayara.tn/item/6686a00224b3a96d2309e505/Maisons%20et%20Villas/Monastir/Ksibet_El_Mdiouni/Villa_de_style_amricain_/,Villa de style amÃ©ricain,520000,Maisons et Villas,Ã€ Vendre,460,2,5,Monastir
https://www.tayara.tn/item/66bb21fcd0aad51c75f190fa/Appartements/Monastir/Ksibet_El_Mdiouni/deux_appartement_vendre_S3_et_S2_/,deux appartement Ã  vendre S+3 et S+2,200000,Appartements,Ã€ Vendre,200,2,5,Monastir
https://www.tayara.tn/item/665f42e9a84e4123339f2485/Appartements/Monastir/Monastir/Appartement_S1_/,Appartement S+1,135000,Appartements,Ã€ Vendre,47,1,1,Monastir
https://www.tayara.tn/item/6692952db2871d2d8db47a3f/Maisons%20et%20Villas/Monastir/Bembla/villa_de_style_amricain_/,villa de style amÃ©ricain,1480000,Maisons et Villas,Ã€ Vendre,400,3,3,Monastir
https://www.tayara.tn/item/674b09570d8480a1e01a8d98/Appartements/Monastir/Monastir/Marina_S1/,Marina S+1,N/A,Appartements,Ã€ Louer,60,1,1,Monastir
https://www.tayara.tn/item/6650670be8ab3507545f4495/Locations%20de%20vacances/Monastir/Monastir/Jolie_appartement_/,Jolie appartement ğŸ’¡,N/A,Locations de vacances,Ã€ Louer,60,1,1,Monastir
https://www.tayara.tn/item/672f72503c20a99fb54b3e4a/Terrains%20et%20Fermes/Monastir/Monastir/_/,Ø£Ø±Ø¶ Ù„Ù„Ø¨ÙŠØ¹ Ø¨Ù…Ø³Ø¬Ø¯ Ø¹ÙŠØ³Ù‰ Ø§Ù„Ù…Ù†Ø³ØªÙŠØ±ğŸŒ³ğŸ”¥ğŸ”¥,N/A,Terrains et Fermes,N/A,N/A,N/A,N/A,Monastir
https://www.tayara.tn/item/674adf0f3c20a99fb55c248b/Appartements/Monastir/Monastir/appartement_S2_vendre_/,appartement S+2 Ã  vendre,93496,Appartements,Ã€ Vendre,75,1,2,Monastir
https://www.tayara.tn/item/6749cc02041535433b410ebf/Appartements/Monastir/Monastir/S2_richement_meubl/,S+2 richement meublÃ©,850,Appartements,Ã€ Louer,110,1,2,Monastir
https://www.tayara.tn/item/6749c5bc0d8480a1e01a194a/Appartements/Monastir/Monastir/_VENDRE_un_appartement_S2_meubl_situ_Rsidence_Palme_Lake_Resort_Folla_Monastir/,Ã€ VENDRE un appartement S+2 meublÃ© situÃ© Ã  RÃ©sidence Palme Lake Resort Folla Monastir,N/A,Appartements,Ã€ Vendre,113,2,2,Monastir
https://www.tayara.tn/item/6749c1d5041535433b41090a/Magasins%2C%20Commerces%20et%20Locaux%20industriels/Monastir/Moknine/_600_/,Ù…Ø¹Ù…Ù„ Ù„Ù„ÙƒØ±Ø¡ 600Ù…ØªØ± Ù…Ø±Ø¨Ø¹,N/A,"Magasins, Commerces et Locaux industriels",Ã€ Louer,600,1,2,Monastir
https://www.tayara.tn/item/671d1157fadab5dc3dde8ce7/Appartements/Monastir/Monastir/Magnifique_appartement_avec_piscine_/,Magnifique appartement avec piscine,N/A,Appartements,Ã€ Louer,N/A,1,1,Monastir
https://www.tayara.tn/item/673b2bea3c20a99fb552fe38/Bureaux%20et%20Plateaux/Monastir/Monastir/Bureau_louer_/,Bureau Ã  louer,N/A,Bureaux et Plateaux,Ã€ Louer,125,1,3,Monastir
https://www.tayara.tn/item/6748630d0d8480a1e0196cb9/Maisons%20et%20Villas/Monastir/Monastir/tage_de_villa_et_studio_louer_cit_Agba/,Ã©tage de villa et studio Ã  louer Ã  citÃ© Agba,N/A,Maisons et Villas,Ã€ Louer,120,2,2,Monastir
https://www.tayara.tn/item/6748595f3c20a99fb55b1028/Magasins%2C%20Commerces%20et%20Locaux%20industriels/Monastir/Monastir/_VENDRE_Locaux_Commerciaux_El_Agba/,Ã€ VENDRE : Locaux Commerciaux Ã  El Agba,229500,"Magasins, Commerces et Locaux industriels",Ã€ Vendre,,N/A,N/A,Monastir
https://www.tayara.tn/item/674854813c20a99fb55b0c0e/Appartements/Monastir/Monastir/A_louer_appartement_meuble_s1_location_estival_Rsidence_Folla_/,A louer appartement meublÃ©e s+1 location estival Ã  RÃ©sidence Folla .,N/A,Appartements,Ã€ Louer,75,1,1,Monastir
https://www.tayara.tn/item/67484a070d8480a1e01956ad/Appartements/Monastir/Monastir/_une_maison_louer_monastir_complexe_hajjar/,une maison Ã  louer Ã  monastir complexe hajjar,123,Appartements,Ã€ Louer,1,1,2,Monastir
https://www.tayara.tn/item/67483f523c20a99fb55af743/Appartements/Monastir/Monastir/Appartement_S2_Meubl_Louer_Idal_pour_tudiants_/,Appartement S+2 MeublÃ© Ã  Louer â€“ IdÃ©al pour Ã‰tudiants,600,Appartements,Ã€ Louer,N/A,1,2,Monastir
https://www.tayara.tn/item/66434d99e8ab35075456fa97/Locations%20de%20vacances/Monastir/Monastir/Appartement_pour_location_vacances/,Appartement pour location vacances,N/A,Locations de vacances,Ã€ Louer,58,1,1,Monastir
https://www.tayara.tn/item/67209f04fadab5dc3de0f137/Appartements/Monastir/Monastir/Magnifique_appartement_avec_piscine_vendre_dans_la_zone_touristique_de_Monastir_/,Magnifique appartement ğŸ”¥âœ¨avec piscine Ã  vendre dans la zone touristique de Monastir ğŸ”,N/A,Appartements,Ã€ Vendre,95,1,2,Monastir
https://www.tayara.tn/item/6735ed6c0d8480a1e00e2fb7/Terrains%20et%20Fermes/Monastir/Monastir/Terrain_vendre_MonastirSkanes_Palmier_/,Terrain Ã  vendre Ã  Monastir(Skanes Palmier)ğŸ”¥ :,N/A,Terrains et Fermes,N/A,N/A,N/A,N/A,Monastir
https://www.tayara.tn/item/671784ec4fca0ca2a8b11077/Terrains%20et%20Fermes/Monastir/Sahline/_/,Ø£Ø±Ø¶ ÙÙ„Ø§Ø­ÙŠØ© Ù„Ù„Ø¨ÙŠØ¹ Ø¨Ø§Ù„Ù…Ù†Ø³ØªÙŠØ±ğŸŒ³ğŸ”¥,N/A,Terrains et Fermes,N/A,N/A,N/A,N/A,Monastir
https://www.tayara.tn/item/674823d10d8480a1e0193426/Bureaux%20et%20Plateaux/Monastir/Monastir/open_space_non_achev/,open space non achevÃ©,1500,Bureaux et Plateaux,Ã€ Louer,90,1,4,Monastir
https://www.tayara.tn/item/674783dd0d8480a1e0190090/Terrains%20et%20Fermes/Monastir/Bekalta/26_/,26 Ø²ÙŠØªÙˆÙ†,3.5,Terrains et Fermes,N/A,N/A,N/A,N/A,Monastir
https://www.tayara.tn/item/67477cc50d8480a1e018fa53/Maisons%20et%20Villas/Monastir/Monastir/Studio_Monastir/,Studio Ã  Monastir,400,Maisons et Villas,Ã€ Louer,1111111,1,1,Monastir
https://www.tayara.tn/item/67474cc20d8480a1e018d0e6/Terrains%20et%20Fermes/Monastir/Tboulba/Terrain_vendre_/,Terrain Ã  vendre,120050,Terrains et Fermes,N/A,N/A,N/A,N/A,Monastir
https://www.tayara.tn/item/674327730d8480a1e0161aa9/Terrains%20et%20Fermes/Monastir/Moknine/Terrain_batir/,Terrain Ã  batir,81000,Terrains et Fermes,N/A,N/A,N/A,N/A,Monastir
https://www.tayara.tn/item/66e59320b3c14db342cd8dfe/Appartements/Monastir/Monastir/Appartement_S2_vendre_/,Appartement S+2 Ã  vendre,155000,Appartements,Ã€ Vendre,80,1,2,Monastir
https://www.tayara.tn/item/6742f2873c20a99fb557a511/Maisons%20et%20Villas/Monastir/Sayada_Lamta_Bou_Hajar/Une_belle_maison_neuve_et_appartement_en_1er_tage_inachev_/,Une belle maison neuve et appartement en 1er Ã©tage inachevÃ©,295000,Maisons et Villas,Ã€ Vendre,185,2,4,Monastir
https://www.tayara.tn/item/6742e8980d8480a1e015f108/Appartements/Monastir/Monastir/Joli_S1_sur_la_route_de_la_falaise/,Joli S+1 sur la route de la falaise,760,Appartements,Ã€ Louer,86,1,1,Monastir
https://www.tayara.tn/item/6742d4240d8480a1e015e92b/Magasins%2C%20Commerces%20et%20Locaux%20industriels/Monastir/Monastir/Local_commercial_/,Local commercial,10,"Magasins, Commerces et Locaux industriels",Ã€ Louer,120,1,3,Monastir
https://www.tayara.tn/item/67422c913c20a99fb5575da5/Appartements/Monastir/Tboulba/_/,Ø¹Ù…Ø§Ø±Ø© Ù„Ù„Ø¨ÙŠØ¹ Ù…Ø³Ø¬Ù„Ø© ÙÙŠ Ø¯ÙØªØ± Ø®Ø§Ù†Ø© Ø¨Ø·Ø¨Ù„Ø¨Ø©,N/A,Appartements,Ã€ Vendre,650,1,2,Monastir
https://www.tayara.tn/item/6741f1603c20a99fb55732a0/Terrains%20et%20Fermes/Monastir/Bekalta/lot_de_terrain_excellente_opprtunit/,lot de terrain excellente opprtunitÃ©,300,Terrains et Fermes,N/A,N/A,N/A,N/A,Monastir
https://www.tayara.tn/item/66b72da4d0aad51c75ebc188/Appartements/Monastir/Monastir/Appartement_S2_/,Appartement S+2,258000,Appartements,Ã€ Vendre,91,1,2,Monastir
https://www.tayara.tn/item/66fe7bf1e72156a898c8348d/Appartements/Monastir/Ksibet_El_Mdiouni/Appartement_s3_louer_/,Appartement s+3 Ã  louer,650,Appartements,Ã€ Louer,120,1,3,Monastir
https://www.tayara.tn/item/6740d8c03c20a99fb556a61a/Maisons%20et%20Villas/Monastir/Ksar_Hellal/_/,Ø¯Ø§Ø± Ù„Ù„Ø¨ÙŠØ¹ (Ø·Ø§Ø¨Ù‚ Ø³ÙÙ„ÙŠ) Ø¨Ù‚ØµØ±Ù‡Ù„Ø§Ù„,140000,Maisons et Villas,Ã€ Vendre,140,1,2,Monastir
https://www.tayara.tn/item/674063183c20a99fb55643a7/Appartements/Monastir/Monastir/A_louer_Monastir_Skanes_palmier_Appartement_S2_sans_meuble/,A louer: Monastir Skanes palmier Appartement S+2 sans meuble,950,Appartements,Ã€ Louer,85,1,2,Monastir
https://www.tayara.tn/item/6720d6f399465ac42a6fbf7d/Appartements/Monastir/Monastir/Appartement_vue_de_mer_louer_pour_des_courtes_priode_/,Appartement vue de mer Ã  louer pour des courtes pÃ©riode :ğŸ”¥ğŸ”,N/A,Appartements,Ã€ Louer,N/A,1,1,Monastir
https://www.tayara.tn/item/673f1d340d8480a1e013ce2f/Terrains%20et%20Fermes/Monastir/Monastir/A_vendre_terrain_cote_technopole_monastir_/,A vendre terrain Ã  cote technopole monastir,1090000,Terrains et Fermes,N/A,N/A,N/A,N/A,Monastir
https://www.tayara.tn/item/673e159d0d8480a1e0133a14/Terrains%20et%20Fermes/Monastir/Sahline/_/,Ø£Ø±Ø¶ ØµØ§Ù„Ø­Ø© Ù„Ù„Ø¨Ù†Ø§Ø¡,N/A,Terrains et Fermes,N/A,N/A,N/A,N/A,Monastir
https://www.tayara.tn/item/673dd4ed3c20a99fb554afdb/Terrains%20et%20Fermes/Monastir/Tboulba/Terrain_a_vendre_a_Teboulba_Monastir/,Terrain a vendre a Teboulba Monastir,N/A,Terrains et Fermes,N/A,N/A,N/A,N/A,Monastir
https://www.tayara.tn/item/673dc7aa0d8480a1e012f088/Appartements/Monastir/Monastir/_Vendre_appartement_sousse_centre_ville/,Ã€ Vendre appartement Ã  sousse centre ville,115000,Appartements,N/A,80,2,2,Monastir
https://www.tayara.tn/item/673dbafd0d8480a1e012e2f5/Autres%20Immobiliers/Monastir/Monastir/chese_de_pdcure_et_vapozone_pour_visage/,chese de pÃ©dÃ©cure et vapozone pour visage,400,Autres Immobiliers,N/A,N/A,N/A,N/A,Monastir
https://www.tayara.tn/item/673db84d0d8480a1e012dfd5/Appartements/Monastir/Monastir/appartement_S2_a_louer_/,appartement S+2 a louer,123,Appartements,Ã€ Louer,75,1,2,Monastir
https://www.tayara.tn/item/673d8aaf0d8480a1e012bb5d/Appartements/Monastir/Monastir/Location_appartement_Monastir_/,Location appartement Ã  Monastir,600,Appartements,Ã€ Louer,N/A,1,2,Monastir
https://www.tayara.tn/item/673d134b3c20a99fb554573d/Appartements/Monastir/Sahline/s2_a_louer_/,s+2 a louer,500,Appartements,Ã€ Louer,70,1,3,Monastir
https://www.tayara.tn/item/673cec610d8480a1e0128589/Terrains%20et%20Fermes/Monastir/Ksibet_El_Mdiouni/KsibetelMediouni_Benane_Terrain_dans_une_zone_rsidentielle_vendre/,Ksibet-el-Mediouni . Benane : Terrain dans une zone rÃ©sidentielle Ã  vendre,300,Terrains et Fermes,N/A,N/A,N/A,N/A,Monastir
https://www.tayara.tn/item/673ca06a0d8480a1e012444a/Bureaux%20et%20Plateaux/Monastir/Monastir/BUREAU_VUE_SUR_MER_/,BUREAU VUE SUR MER,N/A,Bureaux et Plateaux,Ã€ Louer,350,3,4,Monastir
https://www.tayara.tn/item/66daf58967b755ba921a771b/Appartements/Monastir/Monastir/_2_/,ğ’‚ğ’‘ğ’‘ğ’‚ğ’“ğ’•ğ’†ğ’ğ’†ğ’ğ’• ğ’”+2 ğ’‚Ì€ ğ’—ğ’†ğ’ğ’…ğ’“ğ’† ğ’‚ğ’– ğ‘¹ğ‘«ğ‘ª ğ’‚Ì€ ğ’ƒğ’‚ğ’ˆğ’‰ğ’…ğ’†ğ’…ğ’Š ğ’ğ’‚ğ’‰ğ’…ğ’Šğ’‚,234000,Appartements,Ã€ Vendre,105,1,2,Monastir
https://www.tayara.tn/item/673b87a30d8480a1e011a30c/Appartements/Monastir/Monastir/Studio_cit_agba/,Studio Ã  citÃ© agba,300,Appartements,N/A,60,1,1,Monastir
https://www.tayara.tn/item/673b303b0d8480a1e011513f/Autres%20Immobiliers/Monastir/Bembla/_/,Ù…Ø¹Ù…Ù„ Ù„Ù„Ø¨ÙŠØ¹,N/A,Autres Immobiliers,N/A,N/A,N/A,N/A,Monastir
https://www.tayara.tn/item/6739efe80d8480a1e0108972/Appartements/Monastir/Monastir/_/,Ø·Ø§Ø¨Ù‚ Ø£Ø±Ø¶ÙŠ Ø¨Ø­ÙŠ Ø§Ù„Ø¹Ù…Ø±Ø§Ù† Ø§Ù„Ù…Ù†Ø³ØªÙŠØ± Ù„Ù„Ø¨ÙŠØ¹,210,Appartements,Ã€ Vendre,114,1,3,Monastir
https://www.tayara.tn/item/6739e9263c20a99fb5523433/Locations%20de%20vacances/Monastir/Monastir/S1_et_s0_/,S1 et s0,70,Locations de vacances,Ã€ Louer,70,1,1,Monastir
https://www.tayara.tn/item/6739e0690d8480a1e0107d89/Magasins%2C%20Commerces%20et%20Locaux%20industriels/Monastir/Sayada_Lamta_Bou_Hajar/locale_/,locale,850,"Magasins, Commerces et Locaux industriels",Ã€ Louer,180,00,1,Monastir
https://www.tayara.tn/item/673908c30d8480a1e0102883/Terrains%20et%20Fermes/Monastir/Monastir/_225_105_7_15_50624458_/,Ù„Ù„Ø¨ÙŠØ¹ Ù‚Ø·Ø¹Ø© Ø§Ø±Ø¶ ØµØ§Ù„Ø­Ø© Ù„Ù„Ø¨Ù†Ø§Ø¡ ÙƒØ§Ø¦Ù†Ø© Ø¨Ù…Ø¯ÙŠÙ†Ø© Ø§Ù„Ù…Ù†Ø³ØªÙŠØ± ( Ù‚Ø¨Ø§Ù„Ø© Ø§Ù„Ù…ÙŠÙ†Ø§Ø¡ Ù€Ù€Ù€ Ù…Ø·Ø¹Ù… Ø§Ù„Ù‚Ø±ØµØ§Ù† ) ÙÙŠ Ø§Ù„ØªÙ‚Ø³ÙŠÙ… Ø§Ù„Ø¬Ø¯ÙŠØ¯ ÙˆØ±Ø§Ø¡ Ø§Ù„Ø­Ø±Ø³ Ø§Ù„Ø¨Ø­Ø±ÙŠ Ù€Ù€Ù€ Ø§Ù„Ù…Ø³Ø§Ø­Ø© Ø§Ù„Ø¬Ù…Ù„ÙŠØ© 225 Ù… Ù… Ù€Ù€ ÙŠÙ…ÙƒÙ† Ø¨ÙŠØ¹ Ø¬Ø²Ø¡ Ù…Ù†Ù‡ Ù…Ø³Ø§Ø­Ø© 105 Ù… Ù…( 7Ù… Ø¹Ù„Ù‰ 15Ù… ) Ù€Ù€ Ù„Ù„Ø§Ø³ØªÙØ³Ø§Ø± 50624458 Ø¡,123,Terrains et Fermes,N/A,N/A,N/A,N/A,Monastir
https://www.tayara.tn/item/6738f8133c20a99fb551cc32/Maisons%20et%20Villas/Monastir/Ksibet_El_Mdiouni/_/,Ø¯Ø§Ø± Ù„Ù„ÙƒØ±Ø§Ø¡ ÙÙŠ Ù‚ØµÙŠØ¨Ø© Ø§Ù„Ù…Ø¯ÙŠÙˆÙ†ÙŠ,550,Maisons et Villas,Ã€ Louer,160,2,2,Monastir
https://www.tayara.tn/item/6738dc2a3c20a99fb551b410/Terrains%20et%20Fermes/Monastir/Bembla/Terrain_tout_pres_du_nouveau_technopole_Monastir/,Terrain tout pres du nouveau technopole Monastir,320,Terrains et Fermes,N/A,N/A,N/A,N/A,Monastir
https://www.tayara.tn/item/673877560d8480a1e00fbaf9/Terrains%20et%20Fermes/Monastir/Tboulba/Terrain_avec_vue_sur_mer_Vendre_/,Terrain avec vue sur mer Ã  Vendre,135000,Terrains et Fermes,N/A,N/A,N/A,N/A,Monastir
https://www.tayara.tn/item/673871020d8480a1e00fb650/Terrains%20et%20Fermes/Monastir/Sahline/Localisation_stratgique/,Localisation stratÃ©gique,3500,Terrains et Fermes,N/A,,N/A,N/A,Monastir
https://www.tayara.tn/item/673788df3c20a99fb550f81b/Maisons%20et%20Villas/Monastir/Ksar_Hellal/A_vendre/,A vendre,380,Maisons et Villas,Ã€ Vendre,120,1,4,Monastir
https://www.tayara.tn/item/67376ff10d8480a1e00f3338/Maisons%20et%20Villas/Monastir/Monastir/Skanes_monastir_ville/,Skanes monastir ville,650000,Maisons et Villas,Ã€ Vendre,220,3,4,Monastir
https://www.tayara.tn/item/67373ef43c20a99fb550b4ea/Appartements/Monastir/Monastir/rsidence_vendre/,rÃ©sidence Ã  vendre,N/A,Appartements,Ã€ Vendre,1649,N/A,N/A,Monastir
https://www.tayara.tn/item/6737374d0d8480a1e00efdf3/Appartements/Monastir/Monastir/_louer_appartement_meubl_en_plein_centre_ville_Monastir/,Ã€ louer appartement meublÃ© en plein centre ville Ã  Monastir,700,Appartements,Ã€ Louer,95,2,2,Monastir
https://www.tayara.tn/item/67370e993c20a99fb5508986/Appartements/Monastir/Monastir/Location_appartement/,Location appartement,490,Appartements,Ã€ Louer,60,1,1,Monastir
https://www.tayara.tn/item/673665703c20a99fb5504d0e/Magasins%2C%20Commerces%20et%20Locaux%20industriels/Monastir/Monastir/Fond_commerce_/,Fond commerce,99,"Magasins, Commerces et Locaux industriels",Ã€ Vendre,75,1,1,Monastir
https://www.tayara.tn/item/673638b63c20a99fb5502268/Magasins%2C%20Commerces%20et%20Locaux%20industriels/Monastir/Monastir/louer_local_commercial_/,louer local commercial,2000,"Magasins, Commerces et Locaux industriels",Ã€ Louer,90,1,1,Monastir
https://www.tayara.tn/item/6736383c3c20a99fb55021fd/Appartements/Monastir/Monastir/a_louer_local_commercial_/,a louer local commercial,2000,Appartements,Ã€ Louer,90,1,1,Monastir
https://www.tayara.tn/item/673618f40d8480a1e00e58d6/Appartements/Monastir/Monastir/Appartement_S2_louer_/,Appartement S+2 Ã  louer,600,Appartements,Ã€ Louer,70,1,2,Monastir
https://www.tayara.tn/item/6735ef3f3c20a99fb54fe2c7/Terrains%20et%20Fermes/Monastir/Autres_Villes/Terrain_/,Terrain,450,Terrains et Fermes,N/A,N/A,N/A,N/A,Monastir
https://www.tayara.tn/item/66911ec6b2871d2d8db25ff4/Appartements/Monastir/Tboulba/_2_/,ğ’‚ğ’‘ğ’‘ğ’‚ğ’“ğ’•ğ’†ğ’ğ’†ğ’ğ’• ğ’”+2 ğ’‚Ì€ ğ’—ğ’†ğ’ğ’…ğ’“ğ’† ğ’—ğ’–ğ’† ğ’”ğ’–ğ’“ ğ’ğ’†ğ’“ ğ’‚Ì€ ğ’ƒğ’‚ğ’ˆğ’‰ğ’…ğ’†ğ’…ğ’Š ğ’ğ’‚ğ’‰ğ’…ğ’Šğ’‚,210000,Appartements,Ã€ Vendre,1,1,2,Monastir
https://www.tayara.tn/item/663b996be8ab350754520fd8/Maisons%20et%20Villas/Monastir/Monastir/_3_/,ğ’‚ ğ’—ğ’†ğ’ğ’…ğ’“ğ’† ğ’…ğ’–ğ’‘ğ’ğ’†ğ’™ ğ’”+3 ğ’‘ğ’“ğ’ğ’„ğ’‰ğ’† ğ’…ğ’† ğ’ğ’‚ ğ’‘ğ’ğ’‚ğ’ˆğ’† ğ’‚Ì€ ğ’ğ’‚ğ’‰ğ’…ğ’Šğ’‚,508000,Maisons et Villas,Ã€ Vendre,221,2,3,Monastir
https://www.tayara.tn/item/663c9ce1e8ab35075452a230/Appartements/Monastir/Sayada_Lamta_Bou_Hajar/_2_/,ğ‘¨ğ’‘ğ’‘ğ’‚ğ’“ğ’•ğ’†ğ’ğ’†ğ’ğ’• ğ‘º+2 ğ‘½ğ’–ğ’† ğ‘ºğ’–ğ’“ ğ‘´ğ’†ğ’“ ğ‘¬ğ’• ğ‘·ğ’Šğ’†ğ’… ğ‘«ğ’‚ğ’ğ’” ğ‘³â€™ğ’†ğ’‚ğ’– ğ‘µğ’†ğ’–ğ’‡,450000,Appartements,Ã€ Vendre,126,1,2,Monastir
https://www.tayara.tn/item/6628baa2e8ab350754459528/Maisons%20et%20Villas/Monastir/Monastir/_200_/,ğ’—ğ’Šğ’ğ’ğ’‚ ğ’‚Ì€ ğ’—ğ’†ğ’ğ’…ğ’“ğ’† ğ’‚Ì€ 200 ğ’ ğ’…ğ’– ğ’ğ’šğ’„ğ’†Ìğ’† ğ’•ğ’†ğ’„ğ’‰ğ’ğ’Šğ’’ğ’–ğ’† ğ’„ğ’†ğ’ğ’•ğ’“ğ’† ğ’—ğ’Šğ’ğ’ğ’† ğ’ğ’‚ğ’‰ğ’…ğ’Šğ’‚,485000,Maisons et Villas,Ã€ Vendre,420,2,3,Monastir
https://www.tayara.tn/item/671a1c6299465ac42a6b0a4f/Maisons%20et%20Villas/Monastir/Autres_Villes/_a/,ğ’‚Ì€ ğ’—ğ’†ğ’ğ’…ğ’“ğ’† ğ’—ğ’Šğ’ğ’ğ’‚ ğ’ğ’‚ğ’‰ğ’…ğ’Ša,N/A,Maisons et Villas,Ã€ Vendre,400,2,5,Monastir
https://www.tayara.tn/item/6735d6743c20a99fb54fcb4d/Appartements/Monastir/Monastir/Studio_louer_pour_tudiante/,Studio Ã  louer pour Ã‰tudiant(e),400,Appartements,Ã€ Louer,65,1,1,Monastir
https://www.tayara.tn/item/673528333c20a99fb54f8060/Appartements/Monastir/Monastir/a_louer_par_nuite/,a louer par nuitÃ©e,80,Appartements,Ã€ Louer,120,1,2,Monastir
https://www.tayara.tn/item/673526e63c20a99fb54f7f70/Appartements/Monastir/Monastir/a_louer_par_nuite_/,a louer par nuitÃ©e,90,Appartements,Ã€ Louer,100,1,2,Monastir
https://www.tayara.tn/item/6734e7c03c20a99fb54f45f9/Appartements/Monastir/Monastir/a_louer_pour_longue_dure_/,a louer pour longue durÃ©e,N/A,Appartements,Ã€ Louer,90,1,2,Monastir
https://www.tayara.tn/item/6734ddba3c20a99fb54f3d6a/Terrains%20et%20Fermes/Monastir/Monastir/_vendre_terrain_340m2_/,Ã€ vendre terrain 340m2,2800,Terrains et Fermes,N/A,N/A,N/A,N/A,Monastir
https://www.tayara.tn/item/6734d2a13c20a99fb54f34f5/Magasins%2C%20Commerces%20et%20Locaux%20industriels/Monastir/Monastir/_Local_commercial_louer_Monastir_Centre_Ville_170_m/,"Local commercial Ã  louer Monastir Centre Ville, 170 mÂ²",2700,"Magasins, Commerces et Locaux industriels",Ã€ Louer,170,1,N/A,Monastir
https://www.tayara.tn/item/6734bebe0d8480a1e00d711c/Bureaux%20et%20Plateaux/Monastir/Monastir/Bureau_louer_4e_tage_rsidence_scurise_Monastir_R6/,"Bureau Ã  louer â€“ 4e Ã©tage, rÃ©sidence sÃ©curisÃ©e Ã  Monastir R6",700,Bureaux et Plateaux,Ã€ Louer,80,1,2,Monastir
https://www.tayara.tn/item/6733b7250d8480a1e00cd6dc/Appartements/Monastir/Monastir/A_vendre_App_S3_Monastir_/,A vendre App S3 Monastir,300000,Appartements,Ã€ Vendre,100,2,3,Monastir
https://www.tayara.tn/item/67335b5a3c20a99fb54e2f1e/Magasins%2C%20Commerces%20et%20Locaux%20industriels/Monastir/Sahline/Espace_neuf_avec_emplacement_ideal_a_Sahline/,Espace neuf avec emplacement ideal a Sahline,N/A,"Magasins, Commerces et Locaux industriels",Ã€ Louer,200,N/A,N/A,Monastir
https://www.tayara.tn/item/6733445a3c20a99fb54e16a7/Terrains%20et%20Fermes/Monastir/Bembla/_/,Ù„Ù„Ø¨ÙŠØ¹ Ù‚Ø·Ø¹Ø© Ø§Ø±Ø¶ ØµÙ†Ø§Ø¹ÙŠØ© Ø¨Ø§Ù„Ù…Ù†Ø·Ù‚Ø© Ø§Ù„ØµÙ†Ø§Ø¹ÙŠØ©,N/A,Terrains et Fermes,N/A,N/A,N/A,N/A,Monastir
https://www.tayara.tn/item/673325330d8480a1e00c44d7/Appartements/Monastir/Monastir/A_louer_/,A louer,400,Appartements,Ã€ Louer,55,1,1,Monastir
https://www.tayara.tn/item/673263423c20a99fb54d984f/Appartements/Monastir/Tboulba/Appartement_/,Appartement,400,Appartements,Ã€ Louer,80,1,2,Monastir
https://www.tayara.tn/item/6729f7d272ad847c9c37f07b/Autres%20Immobiliers/Monastir/Monastir/Un_immeuble_vendre_situe_Monastir/,Un immeuble Ã  vendre situÃ©e Ã  Monastir,300000,Autres Immobiliers,N/A,N/A,N/A,N/A,Monastir
https://www.tayara.tn/item/6717cb974fca0ca2a8b162b3/Appartements/Monastir/Monastir/Appartement_s1_meubl_proche_facult_mdecine_/,Appartement s+1 meublÃ© proche facultÃ© mÃ©decine,950,Appartements,Ã€ Louer,50,1,1,Monastir
https://www.tayara.tn/item/670e77a04fca0ca2a8aa926d/Appartements/Monastir/Monastir/Duplex_s2_meubl_Marina_/,Duplex s+2 meublÃ© Ã  Marina,950,Appartements,Ã€ Louer,90,2,2,Monastir
https://www.tayara.tn/item/671bccd3fadab5dc3dddb68d/Maisons%20et%20Villas/Monastir/Monastir/Petit_immeuble_au_Centre_Ville/,Petit immeuble au Centre Ville,220000,Maisons et Villas,Ã€ Vendre,100,3,3,Monastir
https://www.tayara.tn/item/6717d1911cde9a414fae052b/Appartements/Monastir/Monastir/Appartement_proche_de_la_mer_/,Appartement proche de la mer,83000,Appartements,Ã€ Louer,35,1,1,Monastir
https://www.tayara.tn/item/6731b3073c20a99fb54ccefe/Locations%20de%20vacances/Monastir/Monastir/_louer_studio_s1_pour_courte_dure_rue_/,Ã€ louer studio s+1 pour courte durÃ©e rue,70,Locations de vacances,Ã€ Louer,40,1,1,Monastir
https://www.tayara.tn/item/6730f8870d8480a1e00a7fc0/Appartements/Monastir/Monastir/S1_la_rsidence_Folla_Palm_Lake_Resort_Monastir_/,S1 Ã  la rÃ©sidence Folla Palm Lake Resort Monastir,N/A,Appartements,Ã€ Louer,80,1,2,Monastir
https://www.tayara.tn/item/673099820d8480a1e00a2b32/Terrains%20et%20Fermes/Monastir/Sahline/Terrain_vendre_Monastir_Masjed_aissa/,Terrain Ã  vendre Ã  Monastir (Masjed aissa),105000,Terrains et Fermes,N/A,N/A,N/A,N/A,Monastir
https://www.tayara.tn/item/66f3f21ab3c14db342d8795f/Appartements/Monastir/Monastir/Appartement_S2_vendre_/,Appartement S+2 Ã  vendre,145000,Appartements,Ã€ Vendre,97,1,3,Monastir
https://www.tayara.tn/item/672d1fcb981bc29b6447a188/Maisons%20et%20Villas/Monastir/Beni_Hassen/Villa_vendre/,Villa Ã  vendre,299000,Maisons et Villas,Ã€ Vendre,589,1,2,Monastir
https://www.tayara.tn/item/672cddad981bc29b644764ff/Appartements/Monastir/Ksar_Hellal/s1_en_vente_/,s+1 en vente,99000,Appartements,Ã€ Vendre,65,2,1,Monastir
https://www.tayara.tn/item/672cb775981bc29b64473cf5/Maisons%20et%20Villas/Monastir/Ksar_Hellal/maison_sur_3_etages_premier_etage_S3_et_2_etages_en_construction_la_maison_est_situe_aou_ksar_hlale_/,maison sur 3 etages / premier etage S+3 et / 2 etages en construction la maison est situe aou ksar hlale,N/A,Maisons et Villas,Ã€ Vendre,N/A,N/A,3,Monastir
https://www.tayara.tn/item/672ca072981bc29b644726a1/Appartements/Monastir/Monastir/_louer_bureau_prs_de_centre_ville_Monastir/,Ã€ louer bureau prÃ©s de centre ville Monastir,550,Appartements,Ã€ Louer,65,1,1,Monastir
https://www.tayara.tn/item/672c9bdc981bc29b64472175/Terrains%20et%20Fermes/Monastir/Moknine/TERRAIN_A_VENDRE/,TERRAIN A VENDRE,110,Terrains et Fermes,N/A,N/A,N/A,N/A,Monastir
https://www.tayara.tn/item/672bd3c372ad847c9c396c15/Appartements/Monastir/Monastir/location_s1_HS/,location s+1 HS,750,Appartements,Ã€ Louer,50,1,1,Monastir
https://www.tayara.tn/item/672ba05c72ad847c9c393aaa/Maisons%20et%20Villas/Monastir/Tboulba/Maison_deux_tages_/,Maison deux Ã©tages,230,Maisons et Villas,Ã€ Vendre,110,N/A,N/A,Monastir
https://www.tayara.tn/item/672b9c24981bc29b64468ad1/Appartements/Monastir/Monastir/Appartement_location_Monastir/,Appartement location Monastir,900,Appartements,Ã€ Louer,100,1,2,Monastir
https://www.tayara.tn/item/672b778f72ad847c9c39149a/Colocations/Monastir/Monastir/Studio_S2_/,Studio S+2,750,Colocations,Ã€ Louer,65,1,2,Monastir
https://www.tayara.tn/item/672b68e072ad847c9c3905a9/Terrains%20et%20Fermes/Monastir/Sahline/Terrain_/,Terrain ....,N/A,Terrains et Fermes,N/A,N/A,N/A,N/A,Monastir
https://www.tayara.tn/item/672b575872ad847c9c38f504/Appartements/Monastir/Monastir/_/,Ù„Ù„Ø¨ÙŠØ¹ ØµØ§Ù„ÙˆÙ† Ø­Ù„Ø§Ù‚Ø© ÙˆØªØ¬Ù…ÙŠÙ„ Ù„Ù„Ù†Ø³Ø§Ø¡,14,Appartements,Ã€ Vendre,100,1,2,Monastir
https://www.tayara.tn/item/672b4013981bc29b64462ded/Appartements/Monastir/Ksar_Hellal/Appartement_a_vendre_S2_/,Appartement a vendre S+2,83000,Appartements,Ã€ Vendre,75,1,2,Monastir
https://www.tayara.tn/item/672a941372ad847c9c388fa2/Maisons%20et%20Villas/Monastir/Sayada_Lamta_Bou_Hajar/local_commercial/,local commercial,N/A,Maisons et Villas,Ã€ Vendre,120,1,0,Monastir
https://www.tayara.tn/item/6729f18e72ad847c9c37e891/Maisons%20et%20Villas/Monastir/Monastir/Maison_louer_/,Maison Ã  louer,N/A,Maisons et Villas,Ã€ Louer,N/A,2,2,Monastir
https://www.tayara.tn/item/6729e769981bc29b64453076/Terrains%20et%20Fermes/Monastir/Ksar_Hellal/_/,Ù‚Ø·Ø¹Ø© Ø£Ø±Ø¶ ÙÙŠ ÙˆØ³Ø· Ù…Ø¯ÙŠÙ†Ø© Ù‚ØµØ±Ù‡Ù„Ø§Ù„,5,Terrains et Fermes,N/A,N/A,N/A,N/A,Monastir
https://www.tayara.tn/item/6729dea7981bc29b644525cd/Terrains%20et%20Fermes/Monastir/Sahline/Offre_de_vente_Terrain_agricole_bnficiant_dun_certificat_de_proprit_individuelle_ouvert_sur_deux_cts_avant_et_arrire_dune_superficie_de_1714_m2_sur_la_Cla_route_principal_du_ceinture_sahlineMonastir_un_emplacement_stratgique_proximit_de_laroport_de_la_zone_touristique_et_Benzarti_Royal_School_un_bon_lieu_dinvestissement_pour_travailler_dans_un_avenir_prochePour_plus_dinformations_appelez_98954058/,"Offre de vente Terrain agricole bÃ©nÃ©ficiant d'un certificat de propriÃ©tÃ© individuelle, ouvert sur deux cÃ´tÃ©s, avant et arriÃ¨re, d'une superficie de 1714 m2, sur la Cla route principal du ceinture sahline-Monastir, un emplacement stratÃ©gique Ã  proximitÃ© de l'aÃ©roport, de la zone touristique, et (Benzarti ) Royal School, un bon lieu d'investissement pour travailler dans un avenir proche... Pour plus d'informations, appelez : 98954058",205,Terrains et Fermes,N/A,N/A,N/A,N/A,Monastir
https://www.tayara.tn/item/6729db7472ad847c9c37cf3f/Appartements/Monastir/Monastir/studio_meubl_/,studio meublÃ©,60,Appartements,Ã€ Louer,80,1,2,Monastir
https://www.tayara.tn/item/66e169ec67b755ba9222fb2d/Maisons%20et%20Villas/Monastir/Sahline/Villa_jumel_rige_sur_deux_niveaux_/,Villa jumelÃ© Ã©rigÃ©e sur deux niveaux,370000,Maisons et Villas,Ã€ Vendre,290,2,6,Monastir
https://www.tayara.tn/item/66feac93e8a80c9b9f74d9e5/Terrains%20et%20Fermes/Monastir/Sahline/Terrain_industriel_961_m2/,Terrain industriel 961 m2,399000,Terrains et Fermes,N/A,N/A,N/A,N/A,Monastir
https://www.tayara.tn/item/66c46473860508809cff4aad/Maisons%20et%20Villas/Monastir/Sahline/appartement_s3/,appartement s+3,100000,Maisons et Villas,Ã€ Vendre,140,1,3,Monastir
https://www.tayara.tn/item/67178f474fca0ca2a8b11b76/Terrains%20et%20Fermes/Monastir/Sahline/Terrain_habitation_267m_/,Terrain habitation 267mÂ²,154000,Terrains et Fermes,N/A,N/A,N/A,N/A,Monastir
https://www.tayara.tn/item/669e506d5e9cc9cd769bf304/Maisons%20et%20Villas/Monastir/Sahline/Duplex_S3/,Duplex S+3,330000,Maisons et Villas,Ã€ Vendre,240,2,3,Monastir
https://www.tayara.tn/item/66c7311fe2f0c13af8222a22/Maisons%20et%20Villas/Monastir/Sahline/triplex_s4/,triplex s+4,310000,Maisons et Villas,Ã€ Vendre,250,1,4,Monastir
https://www.tayara.tn/item/66cd9cb0e2f0c13af82b915a/Maisons%20et%20Villas/Monastir/Sahline/maison_de_style_arabesque_/,maison de style arabesque,120000,Maisons et Villas,Ã€ Vendre,300,1,4,Monastir
https://www.tayara.tn/item/66cc49dae2f0c13af8296c3f/Maisons%20et%20Villas/Monastir/Sahline/duplex_s5/,duplex s+5,390000,Maisons et Villas,Ã€ Vendre,360,2,5,Monastir
https://www.tayara.tn/item/66f52da0b3c14db342d96a9a/Maisons%20et%20Villas/Monastir/Sahline/maison_jumele_rige_sur_deux_niveaux_/,maison jumelÃ©e Ã©rigÃ©e sur deux niveaux,240000,Maisons et Villas,Ã€ Vendre,187,2,4,Monastir
https://www.tayara.tn/item/66f5488667b755ba9232258a/Maisons%20et%20Villas/Monastir/Sahline/villa_style_amricain/,villa style amÃ©ricain,360000,Maisons et Villas,Ã€ Vendre,288,1,3,Monastir
https://www.tayara.tn/item/671787e61cde9a414fadafd6/Maisons%20et%20Villas/Monastir/Sahline/Maison_Appartement/,Maison + Appartement,260000,Maisons et Villas,Ã€ Vendre,170,2,5,Monastir
https://www.tayara.tn/item/671f6e3c99465ac42a6eac22/Maisons%20et%20Villas/Monastir/Sahline/Appartement_s2_/,Appartement s+2,175000,Maisons et Villas,Ã€ Vendre,64,1,2,Monastir
https://www.tayara.tn/item/67289ab372ad847c9c36e3a3/Appartements/Monastir/Monastir/studio_a_vendre/,studio a vendre,87,Appartements,Ã€ Vendre,50,1,2,Monastir
https://www.tayara.tn/item/672883fd981bc29b644420ca/Appartements/Monastir/Tboulba/S2_Teboulba_Hanchia/,S+2 Ã  Teboulba Hanchia,400,Appartements,Ã€ Louer,100,1,3,Monastir
https://www.tayara.tn/item/6727b41572ad847c9c365cea/Maisons%20et%20Villas/Monastir/Bembla/Maison_220_m2_vendre_Bembla_Centre/,Maison 220 m2 Ã  vendre Bembla Centre,120000,Maisons et Villas,Ã€ Vendre,220,1,7,Monastir
https://www.tayara.tn/item/6727567072ad847c9c35fb9c/Maisons%20et%20Villas/Monastir/Bekalta/terrain_2maison_titre_/,terrain + 2maison titrÃ©e âœ…,N/A,Maisons et Villas,Ã€ Vendre,4,4,8,Monastir
https://www.tayara.tn/item/6727502d72ad847c9c35f1f1/Appartements/Monastir/Monastir/studio_louer_El_Agba_Monastir_/,studio Ã  louer Ã  El Agba Monastir,N/A,Appartements,Ã€ Louer,45,1,2,Monastir
https://www.tayara.tn/item/672618a872ad847c9c347499/Terrains%20et%20Fermes/Monastir/Monastir/_/,Ø£Ø±Ø¶ Ù„Ù„Ø¨ÙŠØ¹ Ø§Ù„Ù…Ù†Ø³ØªÙŠØ± Ø¨ÙŠØ± Ø§Ù„Ø²ÙŠØ±Ø©,200,Terrains et Fermes,N/A,N/A,N/A,N/A,Monastir
https://www.tayara.tn/item/672532fb72ad847c9c336ee5/Appartements/Monastir/Bekalta/Appartement_vendre_/,Appartement Ã  vendre,N/A,Appartements,Ã€ Vendre,80,1,2,Monastir
https://www.tayara.tn/item/6724f55372ad847c9c32f7d3/Terrains%20et%20Fermes/Monastir/Tboulba/terrains_vendre_/,terrains Ã  vendre,195000,Terrains et Fermes,N/A,N/A,N/A,N/A,Monastir
https://www.tayara.tn/item/6724f42c72ad847c9c32f5a1/Magasins%2C%20Commerces%20et%20Locaux%20industriels/Monastir/Monastir/_vendre_fond_de_commerce_/,Ã  vendre fond de commerce,50,"Magasins, Commerces et Locaux industriels",Ã€ Vendre,25,1,1,Monastir
https://www.tayara.tn/item/672400b81d151770b12e9401/Locations%20de%20vacances/Monastir/Monastir/STUDIO_Neuf_S1_Monastir_Skanes/,STUDIO Neuf S1 Monastir Skanes,100,Locations de vacances,Ã€ Louer,45,N/A,N/A,Monastir
https://www.tayara.tn/item/6723c9eb1d151770b12e5faf/Appartements/Monastir/Monastir/Appartements_louyer/,Appartements Ã  louyer,1600,Appartements,Ã€ Louer,N/A,N/A,N/A,Monastir
https://www.tayara.tn/item/6723bbcc7453b1828b30d1e3/Autres%20Immobiliers/Monastir/Sayada_Lamta_Bou_Hajar/garage_a_louer/,garage a louer,500,Autres Immobiliers,N/A,N/A,N/A,N/A,Monastir
https://www.tayara.tn/item/6723a8d07453b1828b30c206/Appartements/Monastir/Monastir/Un_s3_prs_de_toute_commodit_/,Un s+3 prÃ¨s de toute commoditÃ©,165000,Appartements,Ã€ Vendre,113,2,3,Monastir
https://www.tayara.tn/item/6723846b7453b1828b309b19/Maisons%20et%20Villas/Monastir/Bekalta/Maison_ancienne_Bkalta_/,Maison ancienne Ã  BÃ©kalta,40000,Maisons et Villas,Ã€ Vendre,95,0,2,Monastir
https://www.tayara.tn/item/67236a4b1d151770b12e00d2/Terrains%20et%20Fermes/Monastir/Sahline/Terrain_Habitation_369m/,Terrain Habitation 369mÂ²,177000,Terrains et Fermes,N/A,N/A,N/A,N/A,Monastir
https://www.tayara.tn/item/67234e7e7453b1828b305ff5/Maisons%20et%20Villas/Monastir/Sahline/Premier_tage_/,Premier Ã©tage,145000,Maisons et Villas,Ã€ Vendre,80,1,2,Monastir
https://www.tayara.tn/item/672329d61d151770b12dc6c1/Appartements/Monastir/Monastir/Studio_a_louer_/,Studio a louer,150,Appartements,Ã€ Louer,30,1,1,Monastir
https://www.tayara.tn/item/661b7071ef74c89d58482782/Appartements/Monastir/Monastir/Appartement_de_vacances_la_marina_/,Appartement de vacances Ã  la marina,N/A,Appartements,Ã€ Louer,70,2,2,Monastir
https://www.tayara.tn/item/67224d657453b1828b2f832a/Terrains%20et%20Fermes/Monastir/Ksar_Hellal/terrain_titre_bleu_/,terrain titre bleu,70000,Terrains et Fermes,N/A,N/A,N/A,N/A,Monastir
https://www.tayara.tn/item/67222a067453b1828b2f3815/Terrains%20et%20Fermes/Monastir/Bekalta/plage_Dimes_BEKALTA_/,plage Dimes BEKALTA,400,Terrains et Fermes,N/A,,N/A,N/A,Monastir
https://www.tayara.tn/item/67221159fadab5dc3de20c78/Appartements/Monastir/Monastir/studio_meubl_louer_par_nuite_/,studio meublÃ© Ã  louer par nuitÃ©e,70,Appartements,Ã€ Louer,46,1,1,Monastir
https://www.tayara.tn/item/66f54d6867b755ba92322ab4/Appartements/Monastir/Monastir/Jolie_appartement_pour_saison_universitaire/,Jolie appartement pour saison universitaire,N/A,Appartements,Ã€ Louer,92,1,1,Monastir
https://www.tayara.tn/item/6721645099465ac42a704b2d/Maisons%20et%20Villas/Monastir/Moknine/Maison_/,Maison,1000,Maisons et Villas,N/A,250,1,3,Monastir
https://www.tayara.tn/item/67213f61fadab5dc3de194a3/Maisons%20et%20Villas/Monastir/Moknine/Maison_/,Maison,1000,Maisons et Villas,N/A,100,1,2,Monastir
https://www.tayara.tn/item/67213c6399465ac42a702635/Terrains%20et%20Fermes/Monastir/Sahline/des_terrain_nu/,des terrain nu,N/A,Terrains et Fermes,N/A,N/A,N/A,N/A,Monastir
https://www.tayara.tn/item/6720d84b99465ac42a6fc0e1/Locations%20de%20vacances/Monastir/Monastir/Par_jour_semaine_louer_studio_s1_courte_dure_rue_falaise_monastir_/,Par jour /semaine Ã  louer studio s+1 courte durÃ©e rue falaise monastir,70,Locations de vacances,Ã€ Louer,40,1,1,Monastir
https://www.tayara.tn/item/6720ac76fadab5dc3de0feaa/Appartements/Monastir/Monastir/apparemment_hote_standing_a_lou_/,apparemment hote standing a louÃ©,200,Appartements,Ã€ Louer,120,1,1,Monastir
https://www.tayara.tn/item/67209093fadab5dc3de0e510/Terrains%20et%20Fermes/Monastir/Monastir/Terrain_Monastir_/,Terrain Monastir,N/A,Terrains et Fermes,N/A,N/A,N/A,N/A,Monastir
https://www.tayara.tn/item/672072e4fadab5dc3de0d978/Terrains%20et%20Fermes/Monastir/Monastir/Terrains_au_centre_de_Monastir/,Terrains au centre de Monastir,N/A,Terrains et Fermes,N/A,N/A,N/A,N/A,Monastir
https://www.tayara.tn/item/671f6e2dfadab5dc3de0169e/Magasins%2C%20Commerces%20et%20Locaux%20industriels/Monastir/Moknine/local_commercial_Moknine/,local commercial Ã  Moknine,31000,"Magasins, Commerces et Locaux industriels",Ã€ Vendre,9,0,1,Monastir
https://www.tayara.tn/item/671f512c99465ac42a6e8a8a/Maisons%20et%20Villas/Monastir/Monastir/Location_Triplex_dkhila_monastir_/,Location Triplex Ã  dkhila monastir,2500,Maisons et Villas,Ã€ Louer,228,4,5,Monastir
https://www.tayara.tn/item/671f398b99465ac42a6e77c4/Terrains%20et%20Fermes/Monastir/Ksar_Hellal/_193_/,Ù‚Ø·Ø¹Ø© Ø§Ø±Ø¶ Ø¨Ù‚ØµØ±Ù‡Ù„Ø§Ù„ 193Ù…ØªØ± Ù…Ø±Ø¨Ø¹ Ø¨ÙˆØ§Ø¬Ù‡ØªÙŠÙ†,153000,Terrains et Fermes,N/A,N/A,N/A,N/A,Monastir
https://www.tayara.tn/item/671e34d299465ac42a6dcec7/Terrains%20et%20Fermes/Monastir/Ksibet_El_Mdiouni/terraina_a_vendre_Bannen/,terraina a vendre Bannen,N/A,Terrains et Fermes,N/A,N/A,N/A,N/A,Monastir
https://www.tayara.tn/item/671c12f299465ac42a6c936b/Appartements/Monastir/Monastir/_louer_appartement_s2_/,Ã  louer appartement s+2,400,Appartements,Ã€ Louer,90,1,2,Monastir
https://www.tayara.tn/item/671bff5c99465ac42a6c81df/Autres%20Immobiliers/Monastir/Monastir/Bit_noum_bon_occasion_/,Bit noum bon occasion,1200,Autres Immobiliers,N/A,N/A,N/A,N/A,Monastir
https://www.tayara.tn/item/671a505399465ac42a6b3f43/Maisons%20et%20Villas/Monastir/Ksar_Hellal/_/,Ø¯Ø§Ø± Ø¹Ø±Ø¨ÙŠ Ù‚ØµØ± Ù‡Ù„Ø§Ù„ ÙˆØ³Ø· Ø¨Ù„Ø§Ø¯,150,Maisons et Villas,Ã€ Vendre,1,1,3,Monastir
https://www.tayara.tn/item/671a44e0fadab5dc3ddc9cd9/Terrains%20et%20Fermes/Monastir/Monastir/Terrain_titre_385m_a_Monastir/,Terrain titre 385mÂ² a Monastir,385,Terrains et Fermes,N/A,N/A,N/A,N/A,Monastir
https://www.tayara.tn/item/671a37a299465ac42a6b26e6/Appartements/Monastir/Monastir/Appartement_louer_/,Appartement Ã  louer,550,Appartements,Ã€ Louer,N/A,1,2,Monastir
https://www.tayara.tn/item/671a1e8cfadab5dc3ddc769a/Appartements/Monastir/Monastir/S3_Vue_sur_Mer_Palais_Prsidentiel_Skanes/,S+3 Vue sur Mer Palais PrÃ©sidentiel Skanes,3500,Appartements,Ã€ Louer,200,4,3,Monastir
https://www.tayara.tn/item/671222e64fca0ca2a8ad3c78/Bureaux%20et%20Plateaux/Monastir/Monastir/Bureau_Hall3_au_Centre_Ville/,Bureau Hall+3 au Centre Ville,1300,Bureaux et Plateaux,Ã€ Louer,80,1,3,Monastir
https://www.tayara.tn/item/671978c399465ac42a6accf9/Terrains%20et%20Fermes/Monastir/Sahline/_/,Ø£Ø±Ø¶ Ù„Ù„Ø¨ÙŠØ¹ ÙÙŠ Ø§Ù„Ø³Ø§Ø­Ù„ÙŠÙ† Ù…ÙˆÙ‚Ø¹ Ù…Ù…ØªØ§Ø²,N/A,Terrains et Fermes,N/A,N/A,N/A,N/A,Monastir
https://www.tayara.tn/item/67192b8afadab5dc3ddbf134/Terrains%20et%20Fermes/Monastir/Beni_Hassen/_/,Ø§Ø±Ø¶ ÙÙ„Ø§Ø­ÙŠØ© Ø¯Ø§Ø®Ù„ Ù…Ù†Ø§Ø·Ù‚ Ø§Ù„Ø¹Ù…Ø±Ø§Ù†,20,Terrains et Fermes,N/A,N/A,N/A,N/A,Monastir
https://www.tayara.tn/item/671822911cde9a414fae5837/Appartements/Monastir/Monastir/palm_lake_resort_monastir/,palm lake resort monastir,150,Appartements,Ã€ Louer,80,1,1,Monastir
https://www.tayara.tn/item/67180a954fca0ca2a8b1a5aa/Terrains%20et%20Fermes/Monastir/Monastir/Terrain_de_438_m_vendre_Skanes_Monastir/,Terrain de 438 mÂ² Ã  vendre (Skanes Monastir),1550,Terrains et Fermes,N/A,N/A,N/A,N/A,Monastir
https://www.tayara.tn/item/6717e9164fca0ca2a8b18030/Appartements/Monastir/Monastir/location_/,location,N/A,Appartements,Ã€ Louer,120,2,2,Monastir
https://www.tayara.tn/item/67177f434fca0ca2a8b10909/Appartements/Monastir/Ksar_Hellal/A_louer_s2/,A louer s+2,600,Appartements,Ã€ Louer,75,0,2,Monastir
https://www.tayara.tn/item/671771eb4fca0ca2a8b0f88a/Terrains%20et%20Fermes/Monastir/Moknine/Sania_Sidi_Bannour_/,Sania Ã  Sidi Bannour,210000,Terrains et Fermes,N/A,N/A,N/A,N/A,Monastir
https://www.tayara.tn/item/670fe6321cde9a414fa8536b/Appartements/Monastir/Monastir/A_vendre_S2_El_Agba_vue_sur_mer/,A vendre S+2 El Agba vue sur mer,195000,Appartements,Ã€ Vendre,100,1,2,Monastir
https://www.tayara.tn/item/66f5602467b755ba92323f9b/Appartements/Monastir/Monastir/Un_studio_richement_meubl_La_Falaise/,Un studio richement meublÃ© Ã  La Falaise,950,Appartements,Ã€ Louer,40,1,1,Monastir
https://www.tayara.tn/item/66df0bae67b755ba92203ce9/Appartements/Monastir/Monastir/Appartement_s2_Front_mer_Sidi_Mansour_/,Appartement s+2 Front mer Ã  Sidi Mansour,1900,Appartements,Ã€ Louer,120,2,2,Monastir
https://www.tayara.tn/item/67164f7b4fca0ca2a8b02f52/Terrains%20et%20Fermes/Monastir/Bekalta/Maison_inacheve_en_vente/,Maison inachevÃ©e en vente,195000,Terrains et Fermes,N/A,N/A,N/A,N/A,Monastir
https://www.tayara.tn/item/671546d74fca0ca2a8af796b/Locations%20de%20vacances/Monastir/Sahline/rsidence_maya_/,rÃ©sidence maya,N/A,Locations de vacances,Ã€ Louer,30,1,1,Monastir
https://www.tayara.tn/item/671529cc1cde9a414fabfc48/Terrains%20et%20Fermes/Monastir/Jemmal/Terrain_vendre/,Terrain Ã  vendre,200,Terrains et Fermes,N/A,N/A,N/A,N/A,Monastir
https://www.tayara.tn/item/671528ae4fca0ca2a8af5d40/Autres%20Immobiliers/Monastir/Sahline/living/,living,500,Autres Immobiliers,N/A,N/A,N/A,N/A,Monastir
https://www.tayara.tn/item/6714d81e1cde9a414fabb070/Terrains%20et%20Fermes/Monastir/Monastir/_179_/,179Ø£Ø±Ø¶ Ù…Ø³Ø¬Ù„Ø© Ù…ØªØ±,78,Terrains et Fermes,N/A,N/A,N/A,N/A,Monastir
https://www.tayara.tn/item/6713d1041cde9a414fab1f9e/Terrains%20et%20Fermes/Monastir/Bekalta/Beau_Terrain_Baghdadi_330_DM/,Beau Terrain Ã  Baghdadi 330 D/M,530000,Terrains et Fermes,N/A,N/A,N/A,N/A,Monastir
https://www.tayara.tn/item/67125f914fca0ca2a8ad7cef/Appartements/Monastir/Monastir/Appartement_louer_laagbaMonastir/,"Appartement Ã  louer , l'aagba,Monastir",600,Appartements,Ã€ Louer,100,1,2,Monastir
https://www.tayara.tn/item/671242621cde9a414fa9fe90/Terrains%20et%20Fermes/Monastir/Monastir/Terrain_vendre_Monastir_/,Terrain Ã  vendre Ã  MonastirğŸ”¥,N/A,Terrains et Fermes,N/A,N/A,N/A,N/A,Monastir
https://www.tayara.tn/item/6712059b1cde9a414fa9c264/Appartements/Monastir/Monastir/Studio_meubl_haute_standing_zone_falaise_de_Monastir/,Studio meublÃ© haute standing zone falaise de Monastir.,80,Appartements,Ã€ Louer,92,1,2,Monastir
https://www.tayara.tn/item/67118dc51cde9a414fa9a85d/Magasins%2C%20Commerces%20et%20Locaux%20industriels/Monastir/Monastir/cherche_local_industriel_300_500_m2/,cherche local industriel 300 Ã  500 m2,N/A,"Magasins, Commerces et Locaux industriels",Ã€ Louer,300,2,1,Monastir
https://www.tayara.tn/item/6711769e1cde9a414fa99328/Appartements/Monastir/Monastir/studio_s1/,studio s+1,400,Appartements,Ã€ Louer,70,1,1,Monastir
https://www.tayara.tn/item/67111bcd1cde9a414fa93a9d/Terrains%20et%20Fermes/Monastir/Bekalta/A_vendre_terrain_agricole_Chraf_Bekalta_Gv_Monastir/,A vendre terrain agricole Ã  Chraf Bekalta Gv. Monastir,120000,Terrains et Fermes,N/A,N/A,N/A,N/A,Monastir
https://www.tayara.tn/item/671113684fca0ca2a8ac92a5/Maisons%20et%20Villas/Monastir/Tboulba/S2_en_vente/,S+2 en vente,130000,Maisons et Villas,Ã€ Vendre,85,1,2,Monastir
https://www.tayara.tn/item/67110ffd4fca0ca2a8ac8e78/Appartements/Monastir/Monastir/Appartement_sis_Monastir/,Appartement sis Ã  Monastir,135000,Appartements,Ã€ Vendre,116,1,4,Monastir
https://www.tayara.tn/item/6710f9da4fca0ca2a8ac754d/Maisons%20et%20Villas/Monastir/Bekalta/Immeuble_proche_de_la_mer_pour_la_vente/,Immeuble proche de la mer pour la vente,345000,Maisons et Villas,Ã€ Vendre,400,03,6,Monastir
https://www.tayara.tn/item/6710ea6a1cde9a414fa901df/Appartements/Monastir/Monastir/A_louer_un_appartement_S2_meubl_Dkhila_Monastir/,A louer un appartement S+2 meublÃ© - Dkhila Monastir,2000,Appartements,Ã€ Louer,91,2,2,Monastir
https://www.tayara.tn/item/6710dcca4fca0ca2a8ac5247/Appartements/Monastir/Ksar_Hellal/Appartement_S2_rezdechausse_a_louer_en_face_de_meublatex_Ksar_hellalTel_98_77_99_92_/,Appartement S+2 rez-de-chaussÃ©e a louer en face de meublatex Ksar hellal Tel 98 77 99 92,N/A,Appartements,Ã€ Louer,115,1,2,Monastir
https://www.tayara.tn/item/671002904fca0ca2a8abd34e/Terrains%20et%20Fermes/Monastir/Monastir/terrain_titr_en_face_du_technopole/,terrain titrÃ© en face du technopole,N/A,Terrains et Fermes,N/A,N/A,N/A,N/A,Monastir
https://www.tayara.tn/item/670fd6594fca0ca2a8aba610/Appartements/Monastir/Monastir/S2_haut_de_gamme_Louer_Monastir_/,S+2 haut de gamme Ã  Louer Ã  Monastir,2700,Appartements,Ã€ Louer,140,2,2,Monastir
https://www.tayara.tn/item/670e89ab4fca0ca2a8aaa6dc/Terrains%20et%20Fermes/Monastir/Sahline/Terrain_habitation_430m_/,Terrain habitation 430mÂ²,193500,Terrains et Fermes,N/A,N/A,N/A,N/A,Monastir
https://www.tayara.tn/item/670f915e1cde9a414fa7efb9/Maisons%20et%20Villas/Monastir/Monastir/a_louer_par_nuite_/,a louer par nuitÃ©e,N/A,Maisons et Villas,Ã€ Louer,120,1,2,Monastir
https://www.tayara.tn/item/670f90be1cde9a414fa7eecb/Appartements/Monastir/Monastir/a_louer_par_nuite_/,a louer par nuitÃ©e,N/A,Appartements,Ã€ Louer,120,1,2,Monastir
https://www.tayara.tn/item/670f8fd44fca0ca2a8ab51db/Appartements/Monastir/Monastir/a_louer_par_nuite_/,a louer par nuitÃ©e,N/A,Appartements,Ã€ Louer,100,1,2,Monastir
https://www.tayara.tn/item/670f8bbc1cde9a414fa7e848/Magasins%2C%20Commerces%20et%20Locaux%20industriels/Monastir/Moknine/_garage_300dt/,Ù„Ù„ÙƒØ±Ø§Ø¡ garage 300dt,300,"Magasins, Commerces et Locaux industriels",Ã€ Louer,200,N/A,1,Monastir
https://www.tayara.tn/item/670ec5621cde9a414fa77ed5/Appartements/Monastir/Monastir/Appartement_S2_Monastir_louer_/,Appartement S+2 Ã€ Monastir Ã  louer ğŸ¢,780,Appartements,Ã€ Louer,100,1,2,Monastir
https://www.tayara.tn/item/670d2f5e4fca0ca2a8a997d3/Appartements/Monastir/Ksar_Hellal/appartement_encore_cachet_/,appartement encore cachetÃ©,400,Appartements,Ã€ Louer,80,1,2,Monastir
https://www.tayara.tn/item/670d2e5f4fca0ca2a8a99684/Terrains%20et%20Fermes/Monastir/Monastir/_/,Ø§Ø±Ø¶ Ù„Ù„Ø¨ÙŠØ¹,300,Terrains et Fermes,N/A,N/A,N/A,N/A,Monastir
https://www.tayara.tn/item/670cf5854fca0ca2a8a950f8/Maisons%20et%20Villas/Monastir/Ksar_Hellal/maison_a_vendre_/,maison a vendre Ø¯Ø§Ø± Ù„Ù„Ø¨ÙŠØ¹,280,Maisons et Villas,Ã€ Vendre,155,3,9,Monastir
https://www.tayara.tn/item/670ce01d4fca0ca2a8a93516/Terrains%20et%20Fermes/Monastir/Sahline/Local_louer/,Local Ã  louer,3500,Terrains et Fermes,N/A,N/A,N/A,N/A,Monastir
https://www.tayara.tn/item/66f2aacfb3c14db342d77f37/Maisons%20et%20Villas/Monastir/Ksibet_El_Mdiouni/Villa_individuelle_vendre/,Villa individuelle Ã  vendre,680000,Maisons et Villas,Ã€ Vendre,916,2,3,Monastir
https://www.tayara.tn/item/6709c66c4fca0ca2a8a56c72/Autres%20Immobiliers/Monastir/Monastir/bureau_/,bureau,800,Autres Immobiliers,N/A,N/A,N/A,N/A,Monastir
https://www.tayara.tn/item/6709b75e4fca0ca2a8a56377/Autres%20Immobiliers/Monastir/Monastir/phare_avant_gauche_Mitsubishi_pajero_pinin_/,phare avant gauche Mitsubishi pajero pinin,400,Autres Immobiliers,N/A,N/A,N/A,N/A,Monastir
https://www.tayara.tn/item/67098e3d4fca0ca2a8a525f1/Appartements/Monastir/Monastir/Studio_louer/,Studio Ã  louer,N/A,Appartements,N/A,N/A,1,1,Monastir
https://www.tayara.tn/item/670902bd4fca0ca2a8a401d0/Appartements/Monastir/Monastir/A_Louer_pour_longue_dure_/,A Louer pour longue durÃ©e,N/A,Appartements,Ã€ Louer,90,1,2,Monastir
https://www.tayara.tn/item/670900134fca0ca2a8a3fb61/Terrains%20et%20Fermes/Monastir/Monastir/Terrain_vendre_Monastir_/,Terrain Ã  vendre Ã  MonastirğŸ”¥,N/A,Terrains et Fermes,N/A,N/A,N/A,N/A,Monastir
https://www.tayara.tn/item/6707f006a6b9efcc9cfadef9/Autres%20Immobiliers/Monastir/Moknine/table_de_nuit/,table de nuit,250,Autres Immobiliers,N/A,N/A,N/A,N/A,Monastir
https://www.tayara.tn/item/6707b5dca6b9efcc9cfa9a7b/Terrains%20et%20Fermes/Monastir/Ksar_Hellal/TERRAIN_A_KSAR_HELLAL/,TERRAIN A KSAR HELLAL,N/A,Terrains et Fermes,N/A,N/A,N/A,N/A,Monastir
https://www.tayara.tn/item/67079768a6b9efcc9cfa7482/Appartements/Monastir/Monastir/un_bel_studio_richement_meubl/,un bel studio richement meublÃ©,700,Appartements,Ã€ Louer,120,2,1,Monastir
https://www.tayara.tn/item/67070797a6b9efcc9cfa420f/Maisons%20et%20Villas/Monastir/Monastir/Terrain_966m_avec_2_Appartements_Skanes_Monastir_400m_de_la_mer/,Terrain 966mÂ² avec 2 Appartements Ã  Skanes Monastir (400m de la mer),1111,Maisons et Villas,Ã€ Vendre,966,N/A,N/A,Monastir
https://www.tayara.tn/item/6706b02209cd6cca024ad8ae/Appartements/Monastir/Monastir/Appartement/,Appartement,N/A,Appartements,Ã€ Vendre,80,1,2,Monastir
https://www.tayara.tn/item/670699a109cd6cca024ac07d/Appartements/Monastir/Zramdine/S3_louer953059009471558793847499/,S+3 Ã  louer(95305900-94715587-93847499),450,Appartements,Ã€ Louer,130,1,3,Monastir
https://www.tayara.tn/item/664c642cef74c89d586b9d28/Locations%20de%20vacances/Monastir/Monastir/Magnifique_appartement_ensoleill_Monastir_/,Magnifique appartement ensoleillÃ© Ã  Monastir ğŸŒŸ,N/A,Locations de vacances,Ã€ Louer,130,1,2,Monastir
https://www.tayara.tn/item/6705607609cd6cca0249d385/Terrains%20et%20Fermes/Monastir/Autres_Villes/terrain_/,terrain,400,Terrains et Fermes,N/A,N/A,N/A,N/A,Monastir
https://www.tayara.tn/item/67055ab2a6b9efcc9cf8e25c/Terrains%20et%20Fermes/Monastir/Zramdine/vendre_terrain_constructible_/,vendre terrain constructible,300000,Terrains et Fermes,N/A,N/A,N/A,N/A,Monastir
https://www.tayara.tn/item/670554d809cd6cca0249c69f/Appartements/Monastir/Monastir/Appartement_s1_meubl_au_Centre_Ville/,Appartement s+1 meublÃ© au Centre Ville,900,Appartements,Ã€ Louer,60,1,1,Monastir
https://www.tayara.tn/item/66b0d1c637137099bb8236d7/Maisons%20et%20Villas/Monastir/Bekalta/Appartement_S3_proche_de_la_mer_vendre_/,Appartement S+3 proche de la mer Ã  vendre,280000,Maisons et Villas,Ã€ Vendre,160,02,03,Monastir
https://www.tayara.tn/item/6705105c09cd6cca024974a0/Terrains%20et%20Fermes/Monastir/Ksar_Hellal/Terrain_constructible_a_vendre_ksar_hlel/,Terrain constructible a vendre ksar hlel,700,Terrains et Fermes,N/A,N/A,N/A,N/A,Monastir
https://www.tayara.tn/item/67045504a6b9efcc9cf825d7/Terrains%20et%20Fermes/Monastir/Ksibet_El_Mdiouni/_450_/,Ù‚Ø·Ø¹ØªÙŠÙ† Ø§Ø±Ø¶ ØµØ§Ù„Ø­ØªÙŠÙ† Ù„Ù„Ø¨Ù†Ø§Ø¡ Ù…Ø³Ø§Ø­ØªÙ‡Ù…Ø§ 450 Ù…,N/A,Terrains et Fermes,N/A,N/A,N/A,N/A,Monastir
https://www.tayara.tn/item/670427cf09cd6cca0248dea2/Autres%20Immobiliers/Monastir/Monastir/Chaise/,Chaise,80,Autres Immobiliers,N/A,N/A,N/A,N/A,Monastir
https://www.tayara.tn/item/6703b195a6b9efcc9cf76bf4/Appartements/Monastir/Sahline/_petit_studio_au_centre_ville/,petit studio au centre ville,190,Appartements,N/A,20,1,00,Monastir
https://www.tayara.tn/item/6702aa4409cd6cca02476682/Appartements/Monastir/Sahline/a_ne_pas_rater_APPARTEMENT_S3_avec_une_grande_cuisine_et_salle_de_bain_avec_vue_panoramique_A_LOUER_SIDI_AMEUR_MONASTIR_5_km_de_laeroport_3_km_de_la_plage_/,"a ne pas rater !! APPARTEMENT S+3 avec une grande cuisine et salle de bain avec vue panoramique A LOUER SIDI AMEUR MONASTIR Ã  5 km de l'aeroport , Ã  3 km de la plage",696,Appartements,Ã€ Louer,N/A,1,3,Monastir
https://www.tayara.tn/item/6702aa1609cd6cca0247662d/Appartements/Monastir/Sahline/a_ne_pas_rater_APPARTEMENT_S3_avec_une_grande_cuisine_et_salle_de_bain_avec_vue_panoramique_A_LOUER_SIDI_AMEUR_MONASTIR_5_km_de_laeroport_3_km_de_la_plage_/,"a ne pas rater !! APPARTEMENT S+3 avec une grande cuisine et salle de bain avec vue panoramique A LOUER SIDI AMEUR MONASTIR Ã  5 km de l'aeroport , Ã  3 km de la plage",696,Appartements,Ã€ Louer,N/A,1,3,Monastir
https://www.tayara.tn/item/670281ac09cd6cca02471907/Locations%20de%20vacances/Monastir/Bekalta/Location_appartement_BEKALTA/,Location appartement Ã  BEKALTA,N/A,Locations de vacances,Ã€ Louer,N/A,N/A,N/A,Monastir
https://www.tayara.tn/item/67024edd09cd6cca0246c390/Terrains%20et%20Fermes/Monastir/Moknine/_/,ÙØ±ØµØ© Ø¬Ù†ÙŠÙ†Ø©Ø¨Ù…Ø¯ÙŠÙ†Ø© Ø§Ù„Ù…ÙƒÙ†ÙŠÙ† ÙˆÙ„Ø§ÙŠØ© Ø§Ù„Ù…Ù†Ø³ØªÙŠØ±,65000,Terrains et Fermes,N/A,N/A,N/A,N/A,Monastir
https://www.tayara.tn/item/6701a80509cd6cca02464975/Terrains%20et%20Fermes/Monastir/Ouerdanine/terrain_/,terrain,N/A,Terrains et Fermes,N/A,N/A,N/A,N/A,Monastir
https://www.tayara.tn/item/6701a40c09cd6cca024640b7/Terrains%20et%20Fermes/Monastir/Bekalta/terrain_/,terrain,280,Terrains et Fermes,N/A,N/A,N/A,N/A,Monastir
https://www.tayara.tn/item/6701a3ca09cd6cca0246400d/Terrains%20et%20Fermes/Monastir/Sahline/Terrain_538m_/,Terrain 538mÂ²,320,Terrains et Fermes,N/A,N/A,N/A,N/A,Monastir
https://www.tayara.tn/item/6701639d09cd6cca0245c399/Maisons%20et%20Villas/Monastir/Monastir/villa_bien_meuble_/,villa bien meublÃ©e,123456,Maisons et Villas,Ã€ Vendre,1020,5,8,Monastir
https://www.tayara.tn/item/6701270e09cd6cca0245538a/Autres%20Immobiliers/Monastir/Monastir/boutique_commerciale/,boutique commerciale,1900000000,Autres Immobiliers,N/A,N/A,N/A,N/A,Monastir
https://www.tayara.tn/item/67000b2e09cd6cca0243e6e8/Maisons%20et%20Villas/Monastir/Jemmal/Une_merveilleuse_villa_s5_vendre_situe_Monastir_el_Basatine_/,Une merveilleuse villa s+5 Ã  vendre situÃ©e Ã  Monastir el Basatine,2000000000,Maisons et Villas,Ã€ Vendre,750,2,5,Monastir
https://www.tayara.tn/item/670045ee09cd6cca02445b7b/Locations%20de%20vacances/Monastir/Monastir/S0/,S0,150,Locations de vacances,Ã€ Louer,50,1,1,Monastir
https://www.tayara.tn/item/66ff7d643a237e853c471646/Terrains%20et%20Fermes/Monastir/Autres_Villes/_49900_/,"ÙØ±ØµØ© Ø¥Ø³ØªØ«Ù…Ø§Ø± Ø£Ø±Ø¶ ÙÙ„Ø§Ø­ÙŠØ© Ø¨ÙˆÙ„Ø§ÙŠØ© Ø§Ù„Ù…Ù†Ø³ØªÙŠØ± 49,900 Ù…Ù„ÙŠÙˆÙ† ÙÙ‚Ø·â›”â›”ğŸš¨",49900,Terrains et Fermes,N/A,N/A,N/A,N/A,Monastir
